0	简体中文
1	警察
2	医生
3	你哪里也不能去
4	不营业
5	股市周末休市。
6	银行周末不营业。
7	我们准备为你提供贷款#{global.summa}，利率为<bankpro>%#将每月从你账户中扣除所需金额。
8	银行
9	幸福
10	舒适
11	压力
12	个人开支
13	治疗费用
14	昨日花费～
15	你被拘留了
16	国家提供
17	游戏结束
18	你的房产：
19	租房（每天 1 万日元）
20	你的车辆：
21	财产：
22	收入：
23	支出：
24	利润：
25	所得税
26	债务：
27	主页
28	走势图
29	交易所
30	股市
31	设施
32	顾问
33	房产
34	车辆
35	卖房后
36	卖车后
37	出售
38	购买
39	你想以此价格出售你的车吗？
40	你想购买这辆车吗？
41	你的余额不足。
42	你想以此价格出售你的房产吗？
43	你想购买这个吗？
44	没有车辆
45	二手轻型车
46	轻型车
47	二手小型车
48	小型车
49	中型车
50	商务车
51	高级车
52	没有房产
53	单间公寓 1R——小型单间公寓
54	单间公寓 1K——带公共厨房
55	单间公寓 1D——带独立厨房
56	公寓 1DK——带大厨房
57	公寓 1LDK——一室一厅
58	公寓 2LDK——两室一厅
59	公寓 3LDK——三室一厅
60	住宅 3LDK——独栋三室一厅
61	住宅 4LDK——两层四室一厅
62	豪宅 5LDK——乡间大豪宅
63	恭喜你，你的健康状况良好！
64	破产
65	银行拍卖了你的车辆 <car_name>，你获得了 {prpr}。
66	银行拍卖了你的房产 <name_house>，你获得了 {prpr}。
67	你不得不卖掉 <pepe2> 等所有公司的股票以换取 {iz} 来偿还债务。
68	你无法还清债务。游戏结束。
69	你自由了。欢迎重获自由！
70	你在外面过了一夜，染上了肺炎。立即去医院！
71	朋友
72	嗨，谢谢你借钱给我！我会多还 <momomo>% 给你！
73	电话响了，你要接吗？
74	极道
75	你不能就这样金蝉脱壳。很遗憾，我们不再需要你了。再见。
76	新闻
77	著名企业家 <global.myname> 被发现死于家中。据信，他参与了毒品生意，并为此付出了代价.
78	实不相瞒，我是来杀你的。但我今天心情不错，所以给你一个机会，让你能花钱消灾。#只要——{global.vykup}。#你同意吗？
79	法庭
80	今天对你的案件进行了审判。你被判无罪。作为受害者，你只需支付小额罚款——{shtraff}。
81	今天对你的案件进行了审判。你被判有罪，并处罚款——{shtraff}。
82	今天对你的案件进行了审判。你被判为主犯。你的所有财产将被没收，并将在两年内开始服刑。
83	新年快乐！
84	圣诞快乐！
85	神秘公司 <compppp> 损失惨重。接下来会发生什么？
86	神秘公司 <compppp> 已宣布破产。我们对所有股东深表同情。
87	丑闻
88	<scandal> 的奇怪传言导致股价急剧变化。
89	月度报告
90	纳税：
91	还债：
92	喜报！
93	总计：
94	股息报告
95	你有严重的健康问题！我们会把你送进医院，直到你完全康复。
96	你最近压力太大。如果你继续生活在压力之下，将不可避免地导致健康问题。
97	我们发现你的账户有可疑交易。经审查，已确认所收资金的非法来源。##惩罚——
98	政府决定改变所得税税率。现在为 <nalogtext>%。
99	你因在错误的地方停车而被罚款——{shtraf}。
100	坏消息
101	你的钱包被偷了。还好没那么多钱——{shtraf}。
102	电话
103	我们愿意以折扣价向你提供我们的股份。我们希望不要大张旗鼓，以免引起投资者的恐慌。#我们以 {cena2} 的价格向你提供 <colich> 股票（证券交易所价格：{cena1}）。#你准备好签署所有必要文件了吗？
104	妈妈
105	如果问题能解决，就不必担心；如果不能解决，担心也没用。
106	一位邻居打电话来，让你晚上不要大声敲击键盘。
107	匿名电话
108	匿名调查
109	为什么鞋分左右，袜子却不分？
110	音乐会
111	你在最喜欢的流行歌手的演唱会上度过了一段美好时光。
112	哇！
113	你中奖了！
114	信件
115	你的远房亲戚去世了。根据他的遗嘱，你将获得 {shtraf}。
116	我们遗憾地通知你，你的叔叔去世了。他为你留下了 {shtraf}。
117	我们遗憾地通知你，你的曾祖父去世了。根据他的遗嘱，你将获得 {shtraf}。
118	我们遗憾地通知你，你的曾祖母去世了。根据她的遗嘱，你将获得 {shtraf}。
119	我在还旧债！##Kazuhara.  {shtraf}
120	根据一项全国调查，<cats>被评为最可爱的动物！
121	猫猫
122	狗狗
123	鹦鹉
124	大熊猫
125	考拉
126	小狐狸
127	海豹
128	羊驼
129	寺庙
130	你在寺庙里祈祷，心平气和。
131	邮差
132	你收到了订购游戏机的发票——
133	管道工
134	看来你这里漏水了。修理费用为 {shtraf}。
135	更新
136	为了让你的电脑正常工作，你需要新的硬件。这将花费 {shtraf}。
137	惊喜
138	你在地上捡到了一张 {shtraf} 的钞票。
139	问题
140	看来你的电脑坏了。修理费用为 {shtraf}。
141	周末
142	奇迹
143	<companynm> 公司发布的产品大获成功，并获得了丰厚利润。公司股票在股市上大幅上涨。
144	<companynm> 的部分董事想出了一个巧妙的计划来欺骗董事会。他们以较低的价格发行了新股，并降低了所有股东的持股比例。
145	重大新闻!
146	<companynm> 公司的一位大股东决定卖出他的股票，使得股价下跌。
147	你因在 <companname> 协助与教唆贩毒而被捕。
148	警方清查了一家违法公司 <companname>。警方正在调查涉嫌违法的股东。
149	下午好。我们正在调查一个贩毒集团。我们掌握了很多不利于 <companname> 公司的证据，而你是这家公司的合伙人。你会收到传票的。回见。##也许你该给他们点贿赂？
150	你没有足够的钱，所以不得不举债。请记住，随着时间的推移，债务只会越来越多，所以要尽快还清或贷款。如果你不偿还债务，你的财产将被拍卖。
151	很抱歉，你已有一笔贷款未偿还。
152	义郎
153	嘿，我是义郎！我听说有家公司要升值了，也就是说它的股票要更贵了。我可以以 {global.v} 的价格把这个消息卖给你。成交吗？
154	嗨，我是义郎！我听说你有资金问题。要帮忙吗？
155	打错了。
156	<comomo> 公司一定会成功！我相信你不会后悔的！
157	没问题！我已经给你的账户转了一点钱。希望对你有所帮助。我不求回报！
158	很高兴与你合作！
159	Kazuhara
160	嘿，我是 <surname>！想去赛马场吗？
161	太好了！
162	陌生人
163	我相信你不会后悔的！几百万在等着我们！
164	太离谱了！这将被加到你的案子里。等着开庭吧。
165	好吧，暂时不会打扰你。但我不能保证什么。祝你好运。
166	奇怪的声音
167	你要卖掉你的股票然后金蝉脱壳吗？那是行不通的。如果你不尽快买回 <comomo> 的股份，你就会有大麻烦。我警告过你了。
168	很高兴我们达成了共识！
169	我们很高兴你理智地做出了正确的决定！我相信我们会与你合作愉快！
170	好极了，我们等着你的到来！
171	成交
172	你来到了正确的车站，但火车就在你眼前开走了。你必须等待一小时后的下一班车。
173	不幸的是，你在交易中迟到了，股票被另一位商人买下。
174	你等着火车到来，然后到达交易地点。虽然你迟到了，但交易还是成功了。恭喜你！
175	你坐上火车，前往约定的交易地点。
176	铁轨上发生了事故。你的火车停了下来，所有交通都被阻断。
177	尽管有所延误，但交易还是取得了成功。恭喜你！
178	交易成功。恭喜你！
179	你开车前往交易地点。
180	今天交通繁忙，你会迟到很久。
181	恭喜你的购买！
182	已售出！
183	嗨，我是 <surname>！你想放松一下吗？我和朋友们要一起去酒吧。
184	弹珠机
185	你想花 {global.pachipek} 购买 50 个球吗？
186	你想结束游戏并将你的球兑换为 {global.pach} 吗？
187	感谢你的游玩！
188	嗨，我是 <surname>！你今天想玩弹珠机吗？
189	太感谢你了！我一定会报答你的！
190	名称
191	股价
192	持股（持股比例）
193	买入
194	卖出
195	交易佣金：
196	<global.companyforq> 的一位股东出售了该公司的大量股票，导致股价下跌。
197	<global.companyforq> 进行了一次重大股票交易。<global.myname> 现在拥有 <global.companyacforq>% 的股份。这对股价产生了积极影响。
198	酒保
199	感谢你的光临！##根据账单，你应付 {global.bartrat}。
200	太有趣了！
201	思绪
202	也许该回家了？
203	一个陌生的家伙坐在你身边。他向你提出一笔交易—— 以一家新公司为幌子销售毒品。你立即得到了 30% 的股份，但你知道这很危险。你想做非法生意吗？
204	你儿时的朋友坐在你身边。他含泪向你借了一笔 {global.dolgprosit} 的贷款，并承诺几个月后连本带利全额归还。
205	在朋友们醉醺醺的聊天中，你听说 <global.kompa> 的价格即将大幅上涨，于是你打算购买股票。你不确定是否应该相信这些话。
206	是
207	否
208	投注马匹
209	选择你要投注的马匹。
210	Living Mountain
211	Clear Sky
212	Suzuka Flora
213	Shadow
214	Big Arthur
215	你在坐牢
216	你在住院
217	<global.nameme> 即将上市。
218	艾米
219	星期日
220	星期一
221	星期二
222	星期三
223	星期四
224	星期五
225	星期六
226	（根据利息，债务增加 {global.credituvelichen}）
227	<companynm> 的最新项目失败，造成巨大损失。
228	主要商业报纸《日本经济新闻》认为 <companynm> 前景光明，引起股市轰动。
229	可疑的金融报纸《真实之真实》刊登了有关 <companynm> 管理层的令人不快的信息，这反映在该公司的股价上。
230	<companynm> 公司终于从长期危机中恢复过来。上个成功的项目带来了丰厚的利润。
231	直到最近，投资者还对 <companynm> 避而远之。分析师说，这太糟糕了。最近的报告显示，该公司收益良好。投资者对 <companynm> 的兴趣与日俱增，股价也在不断上涨。
232	泡沫已破灭！<companynm> 的股价已经崩溃并将继续。它们似乎被严重高估了，而且没有得到公司所有资产市场价值的支持。
233	<companynm> 的 CFO 接受了电视采访。他谈到了股市和公司的业务。人们更愿意购买该公司的股票了。
234	<companynm> 最近的成功交易增加了公司的收入。
235	许多 <companynm> 产品被证明是有缺陷的！公司从商店召回产品，准备免费更换合格品。支出上升。
236	一则关于 <companynm> 工作条件的电视报道对股价产生了负面影响。
237	车祸！幸运的是，你没有受伤，但你的车已无法修理了。
238	你因闯红灯被罚款 {shtraf}。
239	保险公司向你赔付 {carstahprice}。
240	你的汽车发生了轻微事故。你的汽车轻微受损。
241	哦，不！
242	保险公司向你赔付 {carstahprice}。占汽车价值的 <procentcar>%。
243	汽车修理账单：#
244	汽车修理厂
245	还记得你小时候有多喜欢亲子丼吗？我再给你做一些！只要能回来就好。
246	千里之堤，溃于蚁穴。
247	千里之行，始于足下。
248	有钱能使鬼推磨。
249	明日复明日，明日何其多。
250	你感觉如何？休息够了吗？你可能忙得连猫都顾不上！
251	忍人所不忍，能人所不能。
252	不鸣则已，一鸣惊人。
253	我听说你现在是大人物了！记住，木秀于林，风必摧之。
254	自重者然后人重，人轻者便是自轻。
255	稻熟低穗，人熟低声。
256	有人想向你推销胡须梳。他们几乎成功了！
257	商店有新折扣！
258	灾难在等着我们所有人！
259	泡沫终有破灭的一天。
260	你需要帮助吗？这里找不到帮助。
261	你的电脑会发出致命的电磁波！
262	不要相信狸猫！他会让你贷款的！
263	你能想象 30 年后我们的国家会有多强大吗？
264	啊，真希望我们现在还在上学！
265	生活中的烦恼太多了，我没时间去想任何事情！
266	先有蛋，后有鸡！
267	我相信，爱猫的人不可能都是坏人。我有一只猫！你呢？
268	散步很不错！
269	一次愉快的散步让你的头脑清醒了许多。
270	冥想之后，你的头脑清醒了，紧张感也消失了。
271	冥想
272	科学家们得出结论：小猫喜欢吃鱼，而狗不那么挑剔。
273	一只猫贼偷了一条鲷鱼烧，误以为是真鱼。
274	东京居民在谈论一只偷他们钱的狸猫。
275	一个男孩从树上救下一只猫，成千上万的人为他欢呼。
276	猫咪要求更多的睡眠、干净的猫砂盆和慢吞吞的老鼠。
277	这家伙在一家大公司上班的第一天，就以女巫谋杀而告终。
278	一只勇敢的猫拯救了世界，让时间重新流逝。
279	一只奇怪的海鸥打败了整支军队。
280	增加
281	减少
282	确定
283	看来你上次去酒吧时食物中毒了。现在就去医院！
284	借贷
285	还贷
286	返回
287	你想支付 {global.dolg} 并提前还清债务吗？
288	恭喜你还清了贷款！
289	你没有足够的钱来偿还债务。
290	保险
291	车辆投保
292	你想为所有车辆投保吗？首付为 {carprice_start}，然后每月支付 {carprice_msyac}。费用因车辆的数量和价值而异。
293	存款
294	你想取消汽车保险吗？重新投保时，你必须重新支付原保费。
295	你的钱不够。
296	正确的决定！
297	太糟糕了！
298	支付保险费：
299	你没有车。
300	增加
301	减少
302	存期
303	最低存款额是 20 万日元。你没有那么多钱。
304	你的存款安全无忧！我们将在 <global.depositdays> 返还你 {global.deposit}！
305	半年
306	1 年
307	2 年
308	我改变主意了
309	我们将连本带利退还你的存款——{global.deposit}。感谢你的信任！
310	感谢你的信任！你可以在 <global.depositdays> 天内取走你的 {global.deposit}。
311	你在温泉里休息得很好。
312	今天是成人节！
313	建国纪念日快乐！
314	今天是天皇诞辰！
315	天皇驾崩的消息震惊了整个日本。
316	绿之日快乐！
317	今天是昭和日！
318	春分快乐！
319	庆祝宪法纪念日！
320	儿童节快乐！
321	海之日快乐！
322	敬老日快乐！
323	秋分快乐！
324	体育日快乐！
325	文化日快乐！
326	劳动感恩节快乐！
327	嘿！听说你有资金问题！我有个小工作给你，为期 <global.nedeli> 周。#从周一到周三，每周三天，一个工作日的费用为 {global.platapodrabotka}。#请记住，工作时你无法在证券交易所进行交易。
328	好极了！很高兴能帮上忙！
329	你在做兼职，所以不能去其他地方。
330	兼职结束了！
331	你不得不提前结束兼职工作。
332	我们收到一份投资建议书。#<companyname> 公司请求为其新项目“<projectname>”提供 {summaa}。#他们承诺给你 {profit} 的利润。# <randomfrase>
333	我们可以试试……
334	这很可疑！
335	它可能有用，也可能没有。
336	想试试吗？
337	听起来不错。
338	你怎么看？
339	胡须梳
340	游戏机
341	家用电脑
342	恶心的饮料
343	糖果
344	泡泡浴
345	夜总会
346	猫咪快递服务
347	奶奶的大福
348	CD
349	新一代打字机
350	毛笔
351	动漫工作室
352	卡拉 OK 吧
353	MT-32 合成器
354	你的投资结果！
355	很不幸，“<global.invest_project>”项目失败了。你的钱白花了。
356	“<global.invest_project>”项目没有达到预期目标，没有带来预期的收益。你只获得了 {dengii} 而不是承诺的 {global.invest_profit}。
357	“<global.invest_project>”项目取得成功！分红已全额支付。#{dengii} 已发送到你的账户！
358	“<global.invest_project>”项目超出了所有预期！分红金额增加！#{dengii} 已经发送到你的账户！（预期为 {global.invest_profit}）。
359	你想以 <proooc>% 的利息贷款 {defaultsum} 吗？
360	你想存入 {defaultsum2} 吗？
361	需要多少年？
362	欢迎光临我行！
363	你持有的 <namee> 股份允许你参加年度股东大会。
364	你在 <namee> 的声望和股份使你可以成为董事会成员。你现在可以查看公司的非公开财务信息。
365	<namee> 的股东大会将于今天举行。
366	你会出席吗？
367	很遗憾，你不能出院。
368	好的！我们将等待“<global.invest_project>”项目的结果。
369	你已来到股东大会会场。
370	就座时，有人不小心把咖啡洒在了你身上。
371	你已就座。
372	你遇到了一位老朋友，他也是 <namee> 的股东。这给了你信心。
373	很多人参加了股东大会。你觉得不自在。
374	公司负责人亲自迎接你。
375	<namee> 股东大会开始！
376	股东大会
377	大会堂里弥漫着难以想象的闷热。
378	收银员
379	你改变主意了吗？
380	最小投注额为 1,000 日元。
381	恭喜你！你的马赢了！#你的奖金：{global.horse_prize}
382	遗憾的是，这次运气不佳。
383	<global.myname>，你想发表讲话吗？
384	结结巴巴！
385	不知所措！
386	胡说八道！
387	哦！
388	不是那样的！
389	注意自己的身心状况！
390	共有三个指标：
391	幸福——在舒适、安全和事件的基础上形成的主要指标。
392	舒适与否取决于是否有房有车，以及它们的质量。
393	幸福较低会增加压力指标。长期处于压力之下会把你送进医院。
394	增加日常支出，让自己更快乐。平均每日消费额取决于你的住房水平。
395	你可以在股市上买卖股票。你持股的公司每月都会给你股息。持股比例越高，你收到的股息就越多。
396	你可以贷款或将钱存入银行。
397	贷款会立即给你一定数额的资金，但你需要每月偿还贷款。偿还贷款的时间越长，支付的利息就越多。贷款的最高金额取决于你的信誉。
398	存款可以保证你获得一定数额的利润，但你暂时无法使用。存期越长，利息越高。
399	股价是由公司的盈利预期形成的。实际上，股价有两个主要的隐形组成部分，即公司的盈利能力和兴奋度。
400	如果一家公司的利润一直很高，且没有亏损，那么它的股价就会缓慢而稳定地上涨。
401	股价可能会大幅上涨，但如果长期得不到利润的支持，股价很快就会下跌。
402	股息只取决于公司的盈利，因此，即使是亏损的公司也能获得高额股息。
403	哄抬股价也会为公司带来额外资金，导致利润增加。因此，与公司的盈利能力不同，炒作是一种难以预测的风险指标。
404	密切关注新闻——在那里你很有可能弄清楚是什么影响了现在的价格变化——是公司的实际增长还是炒作。例如，一些与公司产品无关的丑闻可能会暂时压低股价。这将是买入股票的好时机。
405	每年年初，公司都会公布盈利情况。关注这些数字，购买盈利公司的股票。
406	股东大会每年举行一次。在股东大会上，你可以了解公司的一些有用信息，找到新的合同。但最重要的是，作为股东，你可以赢得声望。有了较高的声望和足够的股份，你就可以加入董事会。
407	在董事会中，你将领取薪水，并为公司做出重要决策。如果你拥有控股权，则决策无需投票。
408	每次会议都会给你带来很大的压力，你需要缓解这些压力。因此，不参加每次会议也许是明智之举。
409	如果你愿意发表演讲，就能明显提高你在公司的声望，但你也有可能承受压力。
410	公司收入水平与股价没有直接关系。公司可能在一段时间内完全没有利润，因此你也不会收到股息。
411	统计
412	股票
413	有什么可以帮到你？
414	我能告诉你什么？
415	我需要提示
416	知道了
417	很高兴你没有忘记我。
418	你能不能多谈谈工作以外的事情？
419	也许这样我们就能更好地了解彼此。
420	今天天气不错。
421	我昨晚看了一部很棒的动画片。有机会应该给你看看。
422	我今天想早点回家。你不介意吧？
423	家里总有一只猫在等我。
424	睡不着的时候，我就看深夜电视节目。
425	我应该打电话给我哥。你知道我有个哥哥吗？
426	我给你买了些拉面。别忘了偶尔吃点。
427	你想出去走走吗？
428	那天你想和我去餐馆吃饭。你今晚有空吗？
429	你不应该过度劳累，应该多休息。
430	我玩得很开心！
431	让我们聊聊
432	年度报告
433	服务
434	糟糕透顶
435	差
436	不错
437	好
438	优秀
439	话是这么说的：
440	支持：
441	最终结果：
442	完美的演讲
443	良好的演讲
444	得体的演讲
445	奇怪的演讲
446	糟糕的演讲
447	太可怕了
448	你在 <namee> 的声望日益提高！
449	股东大会结束了。
450	<global.myname>，请发言！
451	声望
452	你在公司中的声望：
453	只要你持有 1% 以上的股份，你在公司的声望就会提高，参加股东大会时也是如此。声望高且至少持有 5% 的股份，就有机会进入董事会。股份越多，你的声望就增长得越快。
454	游戏已保存
455	游戏已加载
456	欢迎游玩 STONKS-9800 demo 版：股市模拟器！买卖股票、购买房地产，尽享乐趣！不过，你要记住，demo 版只限于第一年，也不是游戏的最终版本。在 demo 版中也无法保存游戏。
457	整整一年过去了！唉，试玩到此结束。感谢你试玩 STONKS-9800。想将游戏添加到你的愿望单吗？
458	新游戏
459	加载
460	存档
461	系统菜单
462	退出
463	开始 demo
464	音乐音量
465	音效音量
466	屏幕大小
467	语言
468	全屏
469	窗口化
470	屏幕
471	档位
472	游戏：
473	音乐：
474	艾米的形象：
475	英文翻译：
476	日文翻译：
477	回到 1980 年！
478	致谢
479	退出
480	浏览菜单
481	确定
482	返回
483	改变
484	愿望单
485	QA
486	继续
487	将游戏添加到你的愿望单，以免错过游戏发布！
488	你想退出到 DOS 环境吗？
489	你准备好开始游戏了吗？
490	没有房子，就只能住在每晚 5000 日元的出租房里。如果没钱，就只能在街上过夜。
491	你想以 {houseprice} 出售你的房子吗？
492	方向
493	启动
494	CRT 效果
495	股票收益报告
496	收入
497	支出
498	总利润
499	总体声望水平
500	公司
501	CEO
502	非股东
503	小股东
504	股东
505	著名股东
506	董事候选人
507	董事会成员
508	每股利润
509	股息率
510	利润
511	成立于
512	你的声望
513	活力
514	智力
515	魅力
516	友谊
517	销售主管
518	经济学家
519	营销员
520	设计师
521	程序员
522	工程师
523	分析师
524	银行家
525	私家侦探
526	外科医生
527	甜点师
528	律师
529	厨师
530	记者
531	犬学家
532	心理学家
533	会计
534	翻译
535	教师
536	御宅族
537	关
538	等级
539	董事会
540	履历
541	你的报告
542	成交!
543	总计
544	你想卖掉你的车，买更便宜的车吗？你将获得 {prodanodengi}。
545	你想卖掉房子，买更便宜的房子吗？你将获得 {prodanodengi}。
546	做空
547	融券/持股
548	每笔交易百分比
549	你为使用出借的证券支付了费用：{shortproc}
550	券商限额
551	通过做空，你可以从下跌的股票中赚钱。你可以从券商处借入股票，如果公司股价下跌，你可以稍后以较低的成本归还股票。
552	你可以随时将这些股票退还给券商，但请注意：
553	使用时，你将按日支付利息（年利率 13%）。
554	借出股票没有股息。
555	每笔交易的利息要支付两次：借出与回购股票时。
556	券商的出借有限额，这取决于你的状况和当前借出股票数量。
557	借入股票后，不要忘记立即出售。
558	朋友们说 <global.kompa> 遇到了麻烦，股价很快就会下跌。也许他们只是喝多了。
559	你不想放松一下，去看电影吗？
560	好极了！我会陪着你的。
561	去电玩城怎么样？
562	还想继续吗？
563	恭喜你！你拥有 <global.kompa> 的控股权！
564	<otkuda_name> 公司总裁 <humanrandom_name> 即将离职！
565	据悉，他的新工作是 <novaya_rabot>。
566	他现在是 <kuda_name> 的总裁。
567	<company_name> 公司已选出新总裁：<humanrandom_name>。
568	你现在是 <global.namecompppp> 的 CEO。恭喜你！
569	<humanrandom_name> 辞去了 <otkuda_name> 公司的董事职务。
570	<humanrandom_name> 加入了<kuda_name> 董事会。
571	你在度假！
572	你太累了！也许是时候休假了？
573	假期
574	你决定在远离喧嚣的家乡度假。
575	你度过了一个美好的假期！你可以回去工作了。
576	你钓得很开心。
577	联系
578	我们的关系
579	很高兴与你合作。
580	非常高兴与你共事。
581	公司信息
582	档案
583	你遇到了<name>（<work>），并进行了愉快的交谈。
584	联系人中新加入了 <name>（<work>）的号码。可能会有帮助。
585	你遇到了<name>（<work>），相处得很愉快。也许你会被邀请去喝啤酒。
586	你遇到了 <name>。他是<work>。非常有用的关系！
587	你遇到了 <name>（<work>）。
588	你和 <name>（<work>）聊得很愉快。
589	你遇到了 <name>（<work>），并一起喝了一杯好酒。
590	酒吧
591	你在酒吧遇到了 <name>（<work>）。
592	这可能是一个非常有用的关系，但你没有机会深入交谈。
593	你们聊得很愉快，现在你与 <comp> 有了新的联系。
594	经常光顾酒吧让你感到疲惫。
595	坐在柜台前，你感到非常孤独。
596	还不错吧？
597	下午好，我叫 <rand_name>。我代表 <nash> 公司。
598	嗨，我是来自 <nash> 的 <rand_name>！
599	<companname> 的股价涨了很多！
600	<companname> 公司的股价上涨了！
601	<companname> 公司的股价变化不大。
602	<companname> 公司的股价下跌了！
603	<companname> 公司的股价大跌！
604	晚上好！
605	大家晚上好！
606	女士们先生们，你们好吗？
607	今晚将有一场令人难忘的比赛！
608	你们都准备好了吗？
609	大家都为自己的最爱下注了吗？
610	今天天气真不错。
611	我相信我今天的运气！
612	今天的马儿真漂亮。
613	昨天我在赛马场输光了所有钱……
614	今天我一定要赢！
615	距离比赛开始只剩几秒钟了！
616	<global.horselider_name> 依然保持领先！
617	<global.horselider_name> 势不可挡！
618	<global.horselider_name> 不愿让步！
619	哦…… 这是一场激烈的比赛。
620	我甚至有点焦虑……
621	<global.horselider_name> 没有失去领先优势！
622	没有马能追上 <global.horselider_name>！
623	<global.horselider_name> 超越了 <global.prevlider_name>！
624	我们有了新的领头马—— <global.horselider_name>！
625	<global.horselider_name> 领先了！！！
626	<global.prevlider_name> 犹豫了一下，<global.horselider_name> 超过了它！！！
627	<global.horselider_name> 领先！！！
628	<global.prevlider_name> 失去了领先优势！
629	<global.namepr> 加速了！
630	<global.namepr> 的速度越来越快！
631	<global.namepr> 找到了力量，并加快了速度！
632	<global.namepr> 力量惊人！
633	<global.namepr>！难以置信的速度！
634	<global.namepr> 速度飞快！
635	<global.namepr> 犹豫了。
636	<global.namepr> 放慢了速度！
637	<global.namepr> 正在失去速度！
638	<global.namepr> 偏离了跑道，虽然立即返回，但还是落后了！
639	看起来 <global.namepr> 已经扭伤了腿，但仍在继续冲刺！
640	哦，不！出事了！<global.namepr> 的奔跑速度慢了很多！
641	<global.namepr> 获胜！恭喜！
642	谢谢大家！祝大家晚上愉快！
643	<global.namepr> 排名第二。
644	来了！！！
645	<global.horselider_name> 从一开始就处于领先地位！
646	个人
647	商业
648	已购买
649	我的财产
650	公寓
651	大厦
652	独栋
653	房间
654	面积
655	舒适
656	购买价
657	出售价
658	搬入
659	你住在这里
660	你想卖掉这套房子吗？
661	你想搬到这里吗？
662	你想搬出这里吗？
663	搬出
664	你将开始获得房屋的租金收入，但将损失舒适值。
665	你将不再获得租金收入，而是根据房屋的舒适度获得舒适值。
666	在此之后，你将无法归还房屋。
667	街头
668	开始 alpha
669	租金收入
670	房地产税
671	全新
672	完美
673	非常好
674	好
675	平均以上
676	平均
677	平均一下
678	差
679	有缺陷
680	损坏
681	垃圾
682	出租价
683	修理中
684	不能驾驶损坏的车.
685	状况
686	榻榻米
687	类型
688	你想驾驶这辆车吗？
689	你想把车停在车库里吗？
690	你想卖掉这辆车吗？
691	这将提高你的舒适度，让你准时参加重要的交易。
692	这将导致你改乘公共交通工具，降低你的舒适度。
693	上车
694	前往车库
695	修理
696	日本的房地产业
697	谢谢！
698	在日本，公寓和住宅通常按房间数量和客厅大小分类。以下是一些常见的术语及其日语：
699	1K（ワンケイ）：指有一间卧室（ベッドルーム）和一个小厨房（キッチン）的公寓或房屋。
700	1DK（ワンディーケイ）：指有一间卧室（ベッドルーム）、一间餐厅（ダイニング）和一间厨房（キッチン）的公寓或房屋。
701	1LDK（ワンエルディーケイ）：指有一间卧室（ベッドルーム）、一间客厅（リビング）、一间餐厅（ダイニング）和一间厨房（キッチン）的公寓或房屋。
702	2K（ニーケイ）：指有两间卧室（ベッドルーム）和一个小厨房（キッチン）的公寓或房屋。
703	2DK（ニーディーケイ）：指有两间卧室（ベッドルーム）、一间餐厅（ダイニング）和一间厨房（キッチン）的公寓或房屋。
704	2LDK（ニーエルディーケイ）：指有两间卧室（ベッドルーム）、一间客厅（リビング）、一间餐厅（ダイニング）和一间厨房（キッチン）的公寓或房屋。
705	此外，还有一些拥有 3 个或更多房间的大型公寓和房屋，它们使用类似的缩写来表示相应的数字（如 3K、3DK、3LDK、4K、4DK 等）。此外，日本的公寓还可能有独立的浴室（バスルーム）和卫生间（トイレ），这在房地产信息中通常被称为“独立类型”（セパレートタイプ）。
706	老板，过得如何？准备好在今天的市场上大展身手了吗？
707	早上好，老板！时间还早，但已经开盘了。准备好开始新的一天了吗？
708	早上好，老板。已经开盘了，就等你的下一步行动了。
709	早上好，老板！准备好迎接新的一天，征服新的市场了吗？
710	老板，今天过得怎么样？下午有什么大计划吗？
711	希望你今天一切顺利。需要任何帮助吗？
712	嘿，老板，我们快下班了。继续加油！
713	晚上好，老板！是时候结束一天的工作，好好休息一下了。
714	嘿，老板，时间不早了。别忘了给自己充充电。
715	哇，老板，你最近可真拼啊。别忘了照顾好自己，好吗？
716	老板，已经很晚了。也许是时候收工睡觉了？
717	玩得开心时，总觉得时光飞逝，是吧？
718	稍作休息，吃点午餐如何？
719	很高兴见到你，老板。准备好一起工作了吗？
720	嘿，老板，今天怎么样？有什么激动人心的事吗？
721	嘿，老板，我有预感，今天会是个好日子。你怎么看？
722	你今天看起来很精神，老板。你剪了新发型？
723	很高兴见到你，老板。希望你和你希望的一样好。
724	老板，我很感谢你付出的辛勤劳动。
725	嘿，老板，你总有着“我能行”的态度。让我们今天赢个痛快吧！
726	你好，老板。让我们努力工作，实现今天的目标。
727	老板，你最近听过什么好歌吗？我的播放列表需要一些新曲子。
728	嘿，老板，你玩过最新的街机游戏吗？非常棒！
729	老板，听说新开了一家寿司店。下班后想去看看吗？
730	老板，你听说过最新的时尚潮流吗？我觉得你穿一件时髦的皮夹克会很好看。
731	嘿，老板，我想去健身房。想和我一起锻炼吗？
732	老板，我喜欢泡温泉。它能让人放松，恢复活力！
733	老板，我饿了。中午想吃拉面吗？
734	你看起来有点疲倦了，老板。也许你该在午休时打个盹儿？
735	和你一起工作真好，老板。你总能让我每天都过得更愉快。
736	嘿，老板，今天是周五晚上。让我们去酒吧放松一下，度过漫长的一周。
737	老板，我在听这张专辑，合成器的声音非常动听。我想你也会喜欢的。
738	嘿，老板，你看过这部关于一群科学家自立门户抓鬼的电影吗？
739	嘿，老板，你听过这首在我脑子里盘旋了一整天的歌吗？旋律朗朗上口，歌词也很动听。
740	嘿，老板，你听过这个乐队的最新专辑吗？他们的歌曲朗朗上口，节奏欢快，非常适合夏天听。
741	嘿，老板，我看了一个艺术展，色彩鲜艳，造型大胆。这让很受振奋和鼓舞。
742	老板，有人向我推荐了这部动画电影。这部电影讲的是一个女孩生活在一个环境即将毁灭的世界里，她必须想办法拯救这个世界。
743	嘿，老板，你听说过正在开发的新型移动套装技术吗？
744	老板，我刚和一个非常喜欢武术的朋友聊了聊。他说有个传说中的高手，已经秘密传授他很多年了。
745	老板，我在读这本书，主人公是一个流浪武士，被卷入了两个强大家族之间的争斗。书中的动作场面写得非常好。
746	嘿，老板，你听说过这部关于侦探利用观察力破案的电视剧吗？它有一群忠实的粉丝。
747	老板，我在公园里散步，看到一群孩子在玩溜溜球。这让我想起了那次我们去游乐园，你帮我赢来的毛绒玩具。
748	嘿，老板，我吃了一家新开的拉面馆，汤汁浓郁，味道鲜美。这让我想起了那些老武士电影里他们大口吃面的场景。
749	老板，我听说有一款新的街机游戏，你要扮演忍者去营救一位公主。听起来很好玩，让我想起了以前看的那些忍者电影。
750	嘿，老板，我去了一家新开的爵士酒吧，那里的音乐非常流畅，让人放松。这让我想起了我父母常听的那些老爵士唱片。
751	老板，我喝了最近很流行的一种新饮料。它有甜甜的水果味，非常适合夏天饮用。
752	嘿，老板，我看到一个街头艺术家在人行道上用粉笔画出了非常复杂的图案。这让我想起了寺庙里那些错综复杂的沙雕曼陀罗。
753	老板，我去参加了这个节日，看到了这些照亮夜空的令人惊叹的烟花。这让我想起了小时候在电视上看到的烟花表演。
754	老板，我吃了新开的那家寿司店。寿司的摆盘很有艺术感，味道也很新鲜，让我感觉像是在参加一个高级晚宴。
755	嘿，老板，我去看了一个展览，里面展示了各种不同类型的陶器。每件陶器都是独一无二的，都有自己的故事，这真的很酷。
756	嘿，老板，我试过一种用烤糙米和绿茶叶制成的新茶。它的味道非常独特，非常适合在寒冷的冬天饮用。
757	老板，我看到了一幅画，它使用了一种叫做浮世绘的技术，将不同的颜色层层叠印，从而创造出一种独特的效果。这与我们在博物馆看到的木版画很相似。
758	老板，我试了一种用大米酿造的新型啤酒。口感清淡爽口，和我们在居酒屋喝的清酒很像。
759	老板，我正在看一部关于相扑历史的纪录片。这项运动中蕴含的技巧和技术令人惊叹。
760	老板，我喜欢下雪时这座城市的宁静与祥和。就像一切都笼罩在白色的毯子里。
761	嘿，老板，你吃过火锅吗？非常适合寒冷的冬夜。
762	老板，我想去温泉放松一下，暖暖身子。希望你能和我一起去。
763	老板，我为我的公寓添置了一个新的暖炉。在寒冷的天气里，坐在旁边看书真是舒服极了。
764	嘿，老板，我看到这些孩子在雪地里玩陀螺。这让我想起了我们小时候。
765	嘿，老板，我尝了一种用抹茶粉制作的新型热巧克力。它风味独特，非常适合冬天饮用。
766	老板，你看到猴园的雪猴了吗？它们挤在温泉里取暖的样子真可爱。
767	嘿，老板，我要穿着我的毛皮大衣去参加新年庆祝活动。它有一个美丽的象征冬天的图案。
768	老板，我想去参加这个庆祝新年的活动。希望你能和我一起去。
769	嘿，老板，你有没有试过在新年期间喝甘酒？那应该会给新的一年带来健康和活力。
770	老板，我从我最喜欢的商店买了一个福袋作为新年礼物。我等不及想看看里面有什么了！
771	老板，我喜欢这座城市在节日期间用圣诞灯和圣诞树装饰起来的样子。太有节日气氛了。
772	嘿，老板，我想去圣诞市场购物。那里有各种手工艺品和装饰品。
773	老板，我想在圣诞节把一些玩具捐给儿童慈善机构。这是传播节日欢乐的好方法。
774	老板，我看到一群人在公园里打雪仗。看起来很好玩，我也想玩！
775	老板，我喜欢春天樱花盛开的样子。这是一年中最美的季节。
776	嘿，老板，我想和朋友们一起去野餐，享受美好的天气。希望你能加入我们。
777	老板，我打算做春季大扫除，整理一下我的公寓。这是在新的季节开始新生活的好方法。
778	老板，我在公园里看到一群人在玩羽根突。看起来好好玩。
779	老板，我喜欢春天开始变暖的天气。能有更多时间呆在户外真好。
780	嘿，老板，我想去骑车享受一下好天气。但我不想一个人去。你明白我的意思吗？
781	老板，我打算做些园艺工作，种些花。这是享受大自然和锻炼身体的好方法。
782	老板，我要在我的衣橱里换上轻便的衣服。冬天过后，穿上新衣服会让人耳目一新。
783	老板，我喜欢夏天的节日给这座城市带来的活力。这是一年中最有趣的时刻。
784	嘿，老板，你试过在夏天吃刨冰吗？这是在酷暑中保持凉爽的好方法。
785	老板，我想参加游泳和皮划艇等水上运动，以便在夏天保持活力。这样既能强身健体，又能在夏天玩得开心，似乎是个不错的主意。
786	我喜欢夏天在海边度过。大海有一种让人心旷神怡的感觉。
787	老板，今天我要穿着我最喜欢的泳衣去海滩。它既可爱又舒适。
788	老板，我喜欢夏天在海边看日落。那色彩是如此美丽，那一刻是如此宁静。
789	老板，今天外面很热。出门要注意补充水分，穿轻便的衣服。
790	我梦想着回家洗个冷水澡，凉快凉快。
791	老板，今天出门要戴帽子和太阳镜防晒。
792	老板，我想去公共澡堂放松一下，出出汗排排毒。
793	老板，在炎热的天气里，穿浅色透气的衣服很重要。它可以帮助反射阳光，保持凉爽。
794	嘿，老板，浴衣不只是女人穿的，男人也可以穿，它是一种时尚舒适的夏装。
795	嘿，老板，秋天的红叶真是美极了。你应该去公园走走，欣赏一下五彩缤纷的红叶。
796	老板，外面的天气越来越冷了，是时候拿出舒适的毯子和温暖的饮料了。
797	老板，现在正是品尝关东煮、烤红薯和烤松茸等菜肴的大好时机。
798	老板，秋天是泡温泉的最佳时节。在凉爽的天气里，这是放松和取暖的好方法。
799	老板，秋天是游览寺庙和神社的好时节。人少了，秋天的景色也为建筑增添了一份美丽。
800	嘿，老板，现在天黑得越来越早了。这正是阅读或看电影的好时机。
801	嘿，老板，秋天正是去郊外旅行、欣赏美丽秋景的好时节。
802	嘿，老板，秋天的凉风和落叶总让我想起时间的流逝和生命的短暂。
803	老板，随着树叶的飘落，我不禁产生了一种怀旧感，怀念过去，怀念那些已经消逝的记忆。
804	老板，风吹过树木沙沙作响的声音总是让我感到有些孤独。就好像大自然在说着一种我听不懂的语言。
805	老板，秋天的忧郁总让我觉得有点诗意。就好像世界是一块画布，而我在用色彩和文字描绘自己的心情。
806	老板，让我给你讲讲我的童年。我在东京长大，父母一直鼓励我对技术的兴趣。这也是我在大学学习计算机科学的原因。
807	嘿，老板，你知道我有什么有趣的事吗？我曾经花了一年时间环游世界。我游览了许多神奇的地方，了解了许多不同的文化。这真是一段难忘的经历。
808	嘿，老板，前几天我在回想在东京的童年。父母经常带我到家附近的小公园玩，我还记得我跑来跑去，追逐树上落下的树叶。那是多么简单的快乐啊，但每当我想起它，脸上总会浮现出笑容。
809	老板，我记得上大学时的一个夏天，我和几个朋友去海边旅行。我们租了一个小海滨别墅，整天躺在阳光下，在海浪中嬉戏。我想那是我最后一次感到真正的无忧无虑和生机勃勃。
810	嘿，老板，我有没有跟你说过，有一次我在山里徒步旅行时迷路了？天快黑了，我找不到路。我很害怕，但最终，我偶然发现了一个小木屋，里面住着一位老人。他把我迎进屋里，给了我一顿热饭和一个过夜的地方。这真是一次奇特的经历。
811	老板，有一年除夕，我和几个朋友一起去了京都的一个神社。我们把愿望写在小木牌上，挂在树上。四周烛光摇曳，香火缭绕，显得格外宁静祥和。我仍然记得我们等待午夜钟声敲响时那种充满希望和期待的心情。
812	嘿，老板，我有没有跟你说过我和祖母一起去参加茶艺表演的事？它是如此复杂和精确，每一个动作和手势都有特殊的含义。我感觉自己被带到了另一个时空，在那里，一切都更缓慢、更慎重。
813	老板，记得有一年冬天，我一个人住在东京的一间小公寓里。外面下着雪，我感到有些孤独寂寞。但后来我决定去公园散步，看到许多对家庭和情侣在雪地里嬉戏玩耍，其乐融融。这提醒了我，即使在最黑暗的时刻，也能找到快乐和联系。
814	老板，记得有一年秋天，我独自一人去京都旅行。寺庙和神社宁静祥和，红叶正盛。那是一个纯美宁静的时刻。
815	嘿，老板，我有没有告诉过你，有一次我爬到后院的樱桃树顶上，吃了很多樱桃，结果生病了？当时我只有七岁，但这给我上了宝贵的一课——节制。
816	老板，我小时候，父母经常在周末带我去附近的温泉旅行。我还记得那温暖的泉水和舒缓的蒸汽，以及它带给我的放松和幸福感。
817	嘿，老板，我小时候最喜欢读童话和民间故事。它们是那么神奇，那么富有想象力，激励着我去做大梦想，去相信不可能的事情。
818	老板，小时候的一个冬天，我和哥哥在后院建了一个雪堡。我们在里面玩了好几个小时，还打了好几个雪仗。那是一段天真快乐的时光，我永远不会忘记。
819	记得小时候的一个秋天，我们全家去山上远足，看树叶的变化。树叶的颜色是如此鲜艳美丽，新鲜的空气让人神清气爽。那是家人团聚的时刻，也是欣赏大自然美景的时刻。
820	嘿，老板，在我二十出头的时候，有一次我和几个朋友去唱卡拉 OK，结果唱得太大声了，嗓子哑了三天。我听起来就像一只青蛙！
821	老板，记得我十几岁的时候，暗恋一个男生，给他写了一封情书，却不小心给错了人。全校都知道了，我羞愧极了……
822	嘿，老板，我有没有跟你说过，有一次我想给我的约会对象做一顿丰盛的大餐，结果却把食物烧焦了，还触发了烟雾报警器？那真是一场灾难，但我们最后还是笑着去了一家咖啡馆。
823	老板，我小时候非常内向，朋友很少。我花了很多功夫才克服了不安全感，建立了自信。
824	老板，我记得刚开始在这里工作时，我非常紧张，觉得自己有很多东西需要证明。但随着时间的推移，我对自己的能力越来越有信心，在自己的岗位上也越来越得心应手。谢谢你的帮助！
825	嘿，老板，我跟你说过我的祖父母吗？他们结婚 50 多年，有着美丽的爱情故事。看到他们的关系，我开始相信真爱。
826	老板，我暗恋一个人很久了，但我不敢告诉他……
827	嘿，老板，我曾经有一个朋友，我对他有感觉，但我不敢把事情发展到下一个阶段，因为我不想毁了这段友谊。现在回想起来，我真希望当时能对自己和他更诚实一些。
828	嘿，我今天在想你。你总是能让我笑起来，即使是在困难的时候。
829	没有你，我真不知道该怎么办。无论发生什么，你总是在我身边。我希望你知道我有多感激你。
830	我觉得我可以告诉你任何事，甚至是我最深最黑暗的秘密。你从不评判我，也不会让我觉得羞愧。我只是……我不知道该如何感谢你。
831	我喜欢你穿皮夹克的样子。太酷了，太叛逆了。我知道这很傻，但……有时候我希望自己能更像你。
832	我希望你不介意我这么说，但是……你今天看起来真的很帅。并不是说你平时不好看，我是说，但是……你知道我的意思。
833	我不知道你是否注意到，但是……和你在一起的时候，我总是戴着这对耳环。我猜，这有点像幸运符。它让我想起你。
834	我前几天翻看了一些老照片，然后……我意识到我们从第一次见面到现在已经成长了很多。这有点难以置信，你懂吗？
835	有时我觉得我不配拥有像你这么好的朋友 比如，你总是那么善良，那么支持我，而我只是……我。
836	我一直对时尚和风格很感兴趣，但我没有信心去尝试不同的造型。我想把自己推出舒适区，但这很难。
837	我上学的时候曾经非常喜欢戏剧。我喜欢表演，喜欢站在舞台上，但我已经很多年没有这样做了。有时我会怀念它。
838	我和奶奶关系很好。她一直是我生命中重要的一部分，我喜欢和她在一起。有时我会担心她会变老，但我尽量不去多想。
839	我有点爱吃甜食。我努力做到健康饮食，但有时就是无法抗拒美味甜点。冰淇淋是我的弱点。
840	我过去有过一些糟糕的恋爱经历。我觉得我容易吸引那些对我不好的男人。但我正试着在约会生活中变得更自信、更有主见。
841	我有点完美主义。我总是希望一切都恰到好处，当事情没有按计划进行时，我就会感到沮丧。但我正在努力变得更加灵活，顺其自然。
842	我一直是个梦想家，我有很多远大的理想，但也遇到过很多挫折和障碍。我仍在摸索自己的人生目标，但我知道我终将实现它。
843	我绝对是个夜猫子。我喜欢熬夜看书或看电影，然后再上床睡觉。这是放松身心、准备入睡的最佳方式。
844	我有点工作狂。我很难从工作中抽身出来放松一下。但我正试图更加注意工作与生活的平衡，把健康放在首位。
845	我总是喜欢做白日梦。我喜欢沉浸在自己的思绪中，想象不同的场景。有时这会让我有点分心，但这也是我创造力的源泉。
846	我一直有点内向。我需要很多独处的时间来充电，也不喜欢和大家在一起。但我很重视深层次的联系和有意义的对话。
847	最近我一直在思考我们的未来。比如，十年后我们会在哪里，或者我们会从事什么样的工作。我知道这是个沉重的话题，但是……我忍不住想知道我们是否还会在彼此的生命中出现。你对我意义重大，我不想失去你。
848	我喜欢和你在一起的时光。无论我们是闲逛还是做一些令人兴奋的事情，和你在一起的时候我总是感觉很开心。有时我在想，你是否也有同样的感觉，或者我只是在胡思乱想。
849	前几天，我在想我们第一次见面的情景。想想从那时起发生了多大的变化，真是不可思议。和你谈话时我很紧张，但你是那么亲切和热情。我想我永远不会忘记那一刻。
850	我在想我们上次的谈话……我觉得我没有真正说出我想说的话。我有很多话想告诉你，但我不想吓到你，也不想让你觉得尴尬。
851	我是个无可救药的浪漫主义者，如果你看不出来的话。我喜欢看浪漫的电影，读凄美的爱情故事。我知道这很俗气，但这让我很开心。
852	我不知道你是否有过这种感觉，但是……有时候我真的被世界上发生的所有坏事压得喘不过气来。就好像每次我打开新闻，都会看到另一场悲剧或不公。但当我和你聊天时，你会让我感觉好些。就像，提醒我世界上还有美好的事物，我们可以有所作为。
853	我一直很喜欢唱歌，但在别人面前表演时我真的很紧张。就好像，我害怕被评判或嘲笑。但有一次我在你面前唱歌，你说我的声音很美。这是别人对我说过的最动听的话之一。
854	我一直对夜空很着迷。它就像浩瀚神秘的宇宙，而我们只能窥见其中的一小部分。我记得小时候躺在我家的屋顶上，仰望星空，感觉自己是如此渺小和微不足道。但同时也与比我自己更大的东西联系在一起。
855	我一直是个小土豆。我喜欢在自己的空间里度过时光，周围都是我喜欢的东西。但有时我担心自己会错过生活中的所有冒险和体验。就好像我在熟悉的舒适和未知的刺激之间纠结。
856	说到爱情小说，我有一种负罪感。我知道它们并不是什么高雅的文学作品，但它们有一种让人感到舒适和逃避现实的感觉。它就像一种方式，让我沉溺于所有俗气、浪漫的陈词滥调，而这正是我暗自喜欢的。
857	那天我在想你……我也不知道，就是感觉我们之间有种联系。
858	我不想超越任何界限或任何东西，但……我在想你是否愿意找个时间 出去喝一杯什么的？当然，只是作为朋友
859	不过，我很高兴和你谈了一些事情。感觉我们的关系在那一刻变得更加牢固了。
860	我希望我们能无所不谈，你知道吗？
861	我觉得我们的友谊很特别。我们之间的联系很难解释，但感觉就是对的。虽然我们不能每天见面，但我知道你一直在我身边。
862	我只想说，谢谢你这么好的朋友。你对我来说就是整个世界。我希望我们的友谊能继续发展壮大，希望我们能永远相互扶持。因为我知道，无论发生什么，我们都会彼此支持。有点遗憾的是，你是我的老板……不过……好在这并不妨碍你至少成为我最好的朋友！
863	我真的很高兴我们能一起散步。能和一个理解我的人一起享受片刻的宁静，感觉真好。
864	我觉得我们总是太专注于工作，而忘记了娱乐。我们应该找个时间组织一次团队郊游。也许是野餐？
865	你有没有想过，如果我们不在这个领域工作，生活会是什么样子？有时我在想，我还能走其他什么路。
866	我知道我们还有很多工作要做，但能花点时间欣赏一下我们身边的美景也很不错。这有助于我记住我们努力的目标。
867	我一直想问你，你在空闲时间喜欢做什么？我觉得我对你工作之外的了解还不够。
868	有时候，我觉得我们太专注于工作，以至于忘记了退后一步，享受生活中的点点滴滴。比如在公园里平静地散步。
869	我知道我们今天过得很艰难，但我很感激能有你这样一位总是愿意倾听和支持我们的老板。这让一切都变得不同。
870	在办公室呆了一整天，能呼吸到新鲜空气真是太好了。你经常来这个公园吗？
871	城市有时是如此繁忙，令人不知所措。逃离这一切，来到这样一个地方，感觉真好。
872	真不敢相信时间过得这么快。感觉就像昨天我们才开始一起工作，而现在我们已经在这里了。
873	我知道钱不多，但我带了一些零食。吃完点心后，我总是感觉好多了。想吃点吗？
874	你是否曾经觉得自己没有发挥出潜能？好像你还可以做得更多？我经常这样想。
875	我喜欢阳光透过树木的样子。它就像一个天然滤镜，让一切看起来更柔和、更美丽。
876	你喜欢做什么来放松？我知道有些人喜欢读书、看电影或跑步。就我个人而言，我喜欢泡澡。
877	我真的很感激这份工作，但有时我也会想，如果能做一份完全不同的工作会是什么样子。你有过这种感觉吗？
878	你有正在努力实现的目标或梦想吗？也许是工作以外的事情？我认为有奋斗目标很重要。
879	运动后我总是感觉好多了。也许我们应该找个时间一起去跑跑步。
880	我知道工作压力很大，但我想让你知道，你的工作非常出色。很幸运能有你这个老板。
881	天快黑了 我们能再逛一会儿吗？
882	在这座城市里，我并没有多少知心朋友。有时会很孤独，但我很高兴有你可以倾诉。
883	我知道我不常说，但我真的很感激你。你是一个很好的老板，但你也是一个非常善良体贴的人。
884	我不知道是不是我的问题，但我觉得随着年龄的增长，我越来越健忘了。你有过记不住事情的时候吗？
885	我希望你不介意我这么问，但你快乐吗？真的快乐吗？
886	我不善于向别人敞开心扉，但我觉得我可以信任你。我不知道为什么，但我就是相信你。
887	我以前从未恋爱过，真的没有。但有时我会想，那会是什么样子呢？
888	我不想说得太肉麻，但我只想说，我觉得你是一个非常了不起的人。
889	你有过失眠的经历吗？我似乎总是整夜辗转反侧。
890	你知道，我从来都不善于表达自己的感情。我总是担心说错话，或者太脆弱。
891	有趣的是，我以前从不认为自己是一个特别勇敢的人。但最近我开始面对自己的一些恐惧，这真的让我很有力量。
892	我很感激你。不仅是作为老板，更是作为朋友。没有你，我不知道自己会在哪里。
893	最近我一直在想我的家人。虽然离他们很远，但我知道他们以我为荣。
894	我正试着在日常生活中更加用心。当你不总是想着未来的时候，你会更有存在感，这真是令人惊叹。
895	最近，我感到非常怀旧。很奇怪，某些气味或声音能把你带回某个特定的时刻。
896	生活就是这样变幻莫测，令人啼笑皆非。前一天，你以为一切都已安排妥当，而第二天，一切就都变了。
897	不知道我有没有告诉过你，我曾经对自己的外表很不自信。有时我还在为这件事挣扎。
898	我知道这听起来很傻，但我担心自己永远找不到真爱。就像也许我注定不会以这种方式获得幸福。
899	有时候，我有一种难以抑制的孤独感。好像全世界只有我有这种感觉。
900	老板，你还记得我们完成那笔大生意的那天吗？我为我们感到骄傲 我们是一个很棒的团队，不是吗？
901	你知道吗，老板？你似乎总是知道如何逗我笑。我真的很欣赏你的幽默感。这也是我喜欢和你共事的原因之一。
902	我只想说，老板，我觉得我们不仅是同事，还是朋友。我很高兴能认识你，并与你共事。
903	老板，我才发现我的洗发水瓶子上写着“起泡、冲洗、重复”。我一直陷在无休止的循环中！哈哈，有意思吧？
904	今天，我用电视遥控器发了半天短信。我想我需要休息一下，老板！
905	老板，我刚想到一个疯狂的主意。如果我们做个生意，卖猫咪规格的太阳镜怎么样？
906	老板，你觉得有可能训练一只猫弹钢琴吗？因为我觉得那将是有史以来最伟大的事情。
907	你知道我为什么喜欢走夜路吗，老板？就好像我们是秘密特工一样 在黑暗中偷偷摸摸的。我们现在可能在执行绝密任务，而且没人知道！
908	嘿，老板，你有没有想过我们在万物中是多么渺小？在浩瀚的宇宙中，我们只是这个小星球上的一个小点。你不觉得想想就很渺小吗？
909	老板，你知道怎样才能让这次散步更有意义吗？如果我们踩着高跷，你能想象那会有多酷吗？我们会像巨人一样，高高在上，俯视一切！
910	你有没有觉得自己生错了时代，老板？比如说，也许你本该是个骑士或者武士什么的。我觉得我自己会是个很棒的海盗！
911	你知道我希望什么吗，老板？我希望我有一只宠物恐龙。我知道它们已经灭绝了，但想想那该多酷啊！
912	你知道我刚意识到什么吗，老板？如果我们把所有花在咖啡上的钱，用来买一座私人岛屿，我们也许十年后就能买得起了。就这么办！
913	你有没有想过，如果我们能和动物交谈会是什么样子，老板？比如，我们可以和它们进行完整的对话，它们可以告诉我们它们的想法和感受。我敢打赌，狗肯定会说一些很深奥的话。
914	嘿，老板，你知道吗，据统计，你被自动售货机杀死的几率比被鲨鱼杀死的几率还要大！现在，每次我从自动售货机里拿零食的时候，我都会小心翼翼。
915	你知道，我只是在想……如果在动画片里，我们一定是完美的一对。你不觉得吗？
916	天哪，我刚刚在公园里看到了一只超可爱的猫！那是一只长着绿色大眼睛的花猫。我真希望能把它带回家，但我知道我不能。也许我只能满足于每次再见到它时抚摸它了。
917	你有没有想过，我们必须穿衣服是一件多么奇怪的事情？我是说，我们只是身上长毛的动物。衣服只是人类的一个奇怪发明。
918	嘿，老板，你觉得外星人是真的吗？如果他们已经在我们中间，伪装成普通人呢？也许你就是外星人，自己却浑然不知。
919	你知道日本需要什么吗？过山车。想象一下，在富士山的背景下驰骋。那将是史诗般的震撼。
920	我一直在想，成为一名忍者会是什么样子。偷偷摸摸地躲在暗处，扔飞镖，做空翻。那一定很酷。
921	看来艾米喝得有点多。
922	等待修理完成。
923	你想修车吗？##需要花费 <remont_price>。
924	你的车不能再开了。
925	车辆
926	一群小熊猫从当地动物园逃了出来，现在正在街上狂奔。官方呼吁居民留在室内，避开这些动物。
927	一家餐馆推出了一种新的菜单菜品，其辣度之高，以至于贴上了警告标签。餐厅呼吁顾客在尝试之前签署一份免责声明。
928	一支乐队连续演出超过 24 小时，创造了连续演出时间最长的新纪录。据报道，乐迷们兴奋得神志不清。
929	一家游戏厅安装了一款新游戏，这款游戏非常容易上瘾，导致玩家逃学逃班来玩。
930	一个巨大的弹珠给东京当地人带来了巨大的破坏和欢乐。从街机厅逃出来后，它在全市范围内弹跳了好几个小时。请继续关注这一奇特事件的更多更新。
931	小熊猫
932	受日本流行音乐界最新 MV 的启发，一种新的时尚潮流出现了。这股潮流的特点是色彩鲜艳的服装和大胆的妆容。
933	一家百货公司宣布大规模促销最新的电子产品，包括个人电脑、游戏机和家庭影院系统。
934	一家游戏厅安装了一款新游戏，引起了轰动——这是一款虚拟现实模拟温泉游戏。玩家被警告小心不要把控制器掉进水里。
935	一家夜总会安装了一个新舞池，里面有最先进的灯光效果和一个巨大的灯球。据报道，顾客在音乐中迷失了方向，忘记了离开。
936	一家大型汽车制造商发布了其最新款豪华轿车，这款车配备了自己的私人管家，为乘客提供一系列礼宾服务。
937	一家百货公司宣布对最新的时尚配饰进行大规模促销，包括新奇的帽子、华丽的腰带和离谱的太阳镜。
938	一家剧院宣布将制作一部新的经典日本戏剧，由一群训练有素的猫担任演员。评论家们对这场猫戏赞不绝口。
939	受日本流行音乐界最新 MV 的启发，一种新的时尚潮流出现了。这股潮流的特点是超大夹克、高腰裤和大波浪卷发。
940	你偶然发现了一个卖章鱼烧和烤鸡肉串的街头小贩。光是香味就足以让你垂涎欲滴。
941	美味
942	你发现了一家隐藏在幽静小巷中的寿司店。餐厅小而不起眼，但食物的质量却非常出色。
943	你参加了一位才华横溢的三味线演奏家的现场表演。音乐家错综复杂的旋律和节奏将你带入另一个时空。
944	你参观了一个展示日本书法历史和艺术的博物馆展览。错综复杂的笔触和精美的文字令人目不暇接。
945	展览
946	你参观了茶艺表演，其中的一颦一笑、一举一动都充满了意义和象征。宁静的氛围和细腻的茶香让人从喧嚣的现代生活中解脱出来。
947	你发现了一家新的居酒屋，这是一家提供美味小菜和清爽饮料的舒适酒吧。友好的氛围和舒适的装饰让你有宾至如归的感觉。
948	居酒屋
949	你参观了温泉，浸泡在富含矿物质的温暖泉水中，在宁静的环境中放松身心。这种体验让你感觉焕然一新，神清气爽。
950	温泉
951	你来到了一家猫咖，立刻被一群活泼可爱的猫咪团团围住。你和它们一起玩了一个下午，离开时感到快乐和放松。
952	猫咖
953	你发现了一个花园，里面有各种奇花异草。花园的宁静氛围和自然美景让你感到心旷神怡。
954	花园
955	你参观了传统剧团的演出，欣赏歌舞伎或能剧等经典剧目。精致的服装和引人入胜的表演让你叹为观止。
956	表演
957	你接到一个陌生人的电话，他自称是忍者大师，要教你忍术。
958	你遇到了一台自动售货机，里面有各种奇特的零食，比如章鱼味薯片或芥末巧克力。你忍不住都尝了尝。
959	你在火车上无意中听到两个当地人在激烈争论，他们在辩论最近一项政治决定的优劣。他们的激情和活力令人印象深刻，即使你无法完全理解其中的细节。
960	生活点滴
961	你在熙熙攘攘的市场迷路了，向一位热心的店主问路。他们不仅为你指路，还向你推荐了当地的其他旅游景点。
962	你无意中听到当地人在讨论操控巨型机器人的道德问题，以及将它们用于军事目的是否正确。
963	你看到一群穿着五颜六色衣服的孩子在玩一个游戏，游戏内容是互相扔球，同时躲避障碍物。
964	你目睹了一群街头艺人表演杂技、杂耍和魔术等令人眼花缭乱的节目。
965	你注意到一家小面馆，它的的拉面很美味，就像一部著名动漫中的面馆一样，讲述的是一个梦想成为厨师大师的年轻人的故事。
966	你接到一个电话推销员的电话，他试图向你推销一种产品，并承诺能让你拥有超人的力量。
967	你接到一个自动留言系统打来的电话，对方自称代表政府，警告你可能有外星人入侵。
968	我是一个算命先生，我有一个特别的消息要告诉你。你的命运在等待着你，你必须踏上实现自己真正潜能的旅程。你准备好发现自己真正的人生目标了吗？
969	我们来自当地一家健身房，我们希望帮助你塑身、减肥并实现你的健身目标。我们提供免费的试用会员资格和个人培训课程，让你轻松开始健身。
970	你接到一个朋友的电话，他声称自己中了彩票，想和你平分奖金。你兴奋不已，开始憧憬着用自己的那份奖金买各种东西，但这时你的朋友却发现他的彩票已经过期了。
971	你接到一个恶作剧电话，电话那头的朋友假扮成一位著名的相扑选手，请求你帮助他们训练，以应对即将到来的与对手的比赛。他们坚持要你喂他们大量食物，帮助他们增肥。
972	我为你在股市中取得的成就感到骄傲。创业需要很大的勇气和艰苦的努力，而你已经证明了你有这个能力。只要记住照顾好自己，不要过度劳累。你的健康比任何金钱都重要。永远爱你。
973	亲爱的，我听说你一直在从事一些有问题的商业行为。我想让你知道，我对你的选择感到失望，并敦促你重新考虑自己的行为。成功没有捷径，非法活动的后果可能很严重。请小心谨慎，做出正确的选择。爱你。
974	亲爱的，我听说你一直在赌马和玩弹珠机。我想让你知道，我很担心你，担心你上瘾的后果。请小心你的钱，找到更健康的娱乐方式。
975	我记得你小时候经常把蔬菜藏在床底下不吃。有一天，我在床底下发现了一大堆胡萝卜和豌豆！我希望你现在能吃蔬菜了。
976	我还记得我们带你去动物园的时候，你坚持要带上你最喜欢的毛绒玩具。你带着它转了一整天，还拿给猴子看！我希望你还留着那个毛绒玩具。
977	我还记得你刚学会骑自行车时，坚持要戴一个对你来说大了三个号的头盔。你看起来就像个小宇航员！但安全第一，不是吗？
978	你的汽车状况良好，无需任何维修。
979	你的爱车看起来状况良好，但定期更换机油和滤清器也无伤大雅，可避免日后出现任何问题。从长远来看，这只是一项小投资，却能为你省下一大笔钱。
980	在检查过程中，我们发现了一些问题。刹车片磨损严重，火花塞也该换新的了。
981	你的汽车需要一个新的发电机。我们发现蓄电池无法正常充电。
982	我们发现你的发动机有冷却液泄漏。很可能是软管损坏或水泵故障。
983	你的变速器打滑了。我们需要进行改造或更换。
984	你的汽车漏油严重。漏油来自发动机，很可能是密封垫损坏。
985	你的汽车需要一个新发动机。现在的引擎已经受到了无法修理的损坏。
986	很遗憾，你的车已经无法修理了。修理费用将超过汽车的价值。我可能会建议你选择报废或出售汽车零部件。
987	这将花费你 {global.repaircost}。
988	修理工
989	哇，你的车好像出了车祸。我可以试着修一下，但不容易，也不便宜。把它卖了再买辆新车可能更容易些。你来决定。
990	我们很容易就解决了问题，你的汽车现在又能像新的一样运行了！
991	经过一番努力，我们终于诊断并修复了问题。现在你的汽车应该可以平稳运行一段时间了。
992	我们解决了眼前的问题，但也注意到了一些潜在的隐患。我们建议你定期回来进行维护，以防止今后出现问题。
993	我们进行了一些维修，但仍有一些潜在的问题可能需要在未来解决。我们会继续关注，如果有任何进展，我们会及时通知你。
994	不幸的是，损坏严重且范围广泛。我们无法将汽车修理到以前的状态。我们建议考虑更换车辆。
995	春季可能会出现意想不到的情况，因此请确保你已做好准备，并制定了应对任何市场变化或紧急情况的计划。
996	别忘了休息一下，享受一下室外美丽的春光，这会对你的工作效率大有裨益。
997	春季是市场波动的季节，因此请确保你密切关注自己的投资，并随时了解相关信息。
998	我喜欢新割的草的味道，你呢？
999	我很期待樱花盛开，它们太美了！
1000	我已经在计划我的暑假了，你想去哪里？
1001	白天越来越长，我的精力也越来越充沛，这真是太棒了！
1002	冬天我总喜欢烘焙。也许是天气寒冷的缘故，在厨房里做一些甜食有种温馨的感觉。
1003	我喜欢一切被雪覆盖时的样子。就像一个冬日仙境！
1004	如果你在冬天感到情绪低落，不妨尝试到户外呼吸一些新鲜空气。做做运动，晒晒太阳，对你的心情大有裨益。
1005	秋季时尚潮流如此舒适惬意，我迫不及待地想尝试一下。
1006	我刚刚听说了一部搞笑的新动画片，主角是一只笨拙的猫，它总是不小心买了股票而不是鱼。你能想象如果我们的股市决策是由一只猫做出的吗？我们的处境可就不妙了。
1007	你最近看到街机厅的长队了吗？有传言说，一个从未输过的游戏神童正在同时接受两个挑战者的挑战。我很想知道是否有人能打败他们。
1008	你听说过一个自以为拥有著名动漫人物读心能力的股票经纪人的故事吗？他试图用自己的“通灵能力”预测股票价格！只能说他应该坚持使用传统的分析方法。
1009	我刚刚看到一幅有趣的漫画，画中的超级英雄白天与恶棍搏斗，晚上则进行股票交易。我想，即使是超级英雄也需要副业来支付账单吧。
1010	我听说过一部新动画片，里面的主角拥有召唤股票而不是魔法生物的能力。这就是让投资更刺激的方法之一！
1011	有传言说，一位商人对那部以外星战斗机为题材的热门动画片爱不释手。他甚至把自己的办公室装饰成了飞船驾驶舱的样子！把工作带回家。
1012	我发现了一个俱乐部，那里的成员建造了复杂而逼真的模型城市，小市民们过着自己的日常生活。他们对细节的关注令人震惊！
1013	公众形象
1014	金融成就
1015	道德操守
1016	人脉关系
1017	市场知识
1018	慈善事业
1019	创新能力
1020	总体声望
1021	我在想，这些条形花生是不是股市秘密策略的一部分。
1022	如果我能投资这位调酒师的调酒技术，我一定会成为百万富翁！
1023	都说金钱买不到幸福，但它可以为每个人解决烦恼！
1024	这种鸡尾酒就像股票市场：要摇，而不要搅。
1025	我应该开一家公司，专门生产鸡尾酒用的小伞。
1026	如果我知道调酒师的秘方，算不算内幕交易？
1027	也许我能在杯底找到金融成就的秘诀。
1028	这张酒吧椅比我的办公椅还舒服。
1029	饮料买一送一？这样的投资回报我可以接受！
1030	我应该买下这家酒吧的股份，它总是很热闹！
1031	有时，我真希望炒股票能像点饮料一样简单。
1032	如果我下一个伟大的商业创意就藏在这块幸运饼干里呢？
1033	幸运饼干
1034	在接下来的几个月里，你的财富会像竹子一样快速增长。
1035	繁荣的机遇很快就会来敲门。准备好迎接吧。
1036	你的直觉会引导你做出别人忽视的明智投资。
1037	在商业世界里，幸运总是眷顾有胆识的人。鼓起你的勇气。
1038	你很快就会遇到一个改变你未来的人。
1039	相信你的直觉，因为它们会带你找到隐藏的宝藏。
1040	江河奔流，你的成功也是如此。拥抱变化，收获成功。
1041	你的耐心和毅力将得到巨大的回报。
1042	一次偶遇会打开你从未想过的大门。
1043	随着变革之风的吹拂，你的财富也将随之增长。
1044	每冒一次险，就会有一次收获。要无所畏惧。
1045	骄傲使人堕落。成功时要保持一颗谦卑的心。
1046	即使是最明智的投资者也会遇到障碍。从挫折中学习。
1047	诱人的机会可能隐藏着危险的风险。谨慎行事。
1048	过于轻信他人建议的人可能会遭遇不幸。
1049	意想不到的挑战将考验你的理财能力。做好准备。
1050	你收到了一份神秘而又诱人的邀请函，邀请你参加一个独家交流活动。你想去吗？
1051	在这次独家交流活动中，你认识了很多有趣的人。
1052	这次交流活动原来是慈善家和社会影响投资者的聚会。在他们致力于为世界带来积极变化的激励下，你决定将部分投资用于支持可持续发展和具有社会责任感的企业，从而提高自己的声望和道德操守。
1053	但你发现自己力不从心，在交谈中不知所措。尽管气氛令人生畏，但你学到了关于自信和建立人际关系重要性的宝贵经验，促使你努力提高自己的人际交往技能，扩大人脉圈，为将来的机会打下基础。
1054	你认识了一位拥有创新商业理念的年轻企业家。他的激情和远见吸引了你的注意。
1055	交流活动
1056	创新技术
1057	在交流活动中，你参与了一场高风险的扑克游戏。凭借你的技巧和直觉，你成功赢得了一大笔钱，为你的金融成就增添了砝码，同时也赢得了同伴们的尊重。
1058	你有机会参加一个由行业领袖举办的高风险高尔夫锦标赛。你的高尔夫球技已经生疏，而且报名费很高。你应该冒险参加比赛吗？
1059	尽管你的高尔夫球技生疏，但你还是在比赛中打出了令人印象深刻的一杆。这一幸运之举引起了行业领导者的注意，引发了有趣的对话和潜在的商业机会。你还赢得了 {golfprize}。
1060	不幸的是，你生疏的高尔夫球技在比赛中毫无长进，最终排名垫底。尽管成绩不佳，你还是与行业领袖建立了联系，并结识了对你的业务有益的宝贵人脉。
1061	高尔夫锦标赛
1062	你的钱包丢了，里面有 {shtraf}。
1063	一位近亲生病，需要紧急治疗，但不在保险范围内。你决定帮助支付他们的医疗费用。费用为 {shtraf}。
1064	着火了！你的房子 <name_house> 被完全烧毁了！幸运的是，你没有受伤。保险公司向你支付了 {prpr}。
1065	我们一直在关注你的进展，不得不说，你已经声名鹊起。我们想与你合作。凭借我们的关系和资源，我们可以助你进一步扩展你的帝国。##如果你同意，我们将帮助你解决各种问题。##成交吗？
1066	明智的决定。在我们的支持下，你会发现即使是最困难的挑战也变得可以应对。我们将密切关注你的进展，并在必要时介入。
1067	真让人失望。我们还以为你有很好的判断力呢。在外面要小心，商业世界是很残酷的，尤其是对那些拒绝我们帮助的人。
1068	我们并不是每天都能再次向你发出邀请，但我们看到了你的潜力。我们相信，我们的合作能为你的企业带来更大的成功。请慎重考虑，再做决定。
1069	慈善捐款
1070	增加
1071	减少
1072	捐赠
1073	你愿意捐赠多少？#{defaultsum2}？
1074	谢谢！
1075	看来你自己也需要一些捐赠。
1076	很抱歉，我们不能为你提供贷款。你看起来是还不起了。
1077	你好，朋友。我们注意到你的经济状况不太好。你知道，我们家族总是照顾自己的人。我们愿意为你提供一些经济援助。没有利息，没有附加条件，我们只希望到时候你能帮一个小忙。你觉得怎么样？
1078	好极了！你做出了正确的选择。这是一段高效的合作关系的开始。我们将保持联系。
1079	啊，太糟糕了。请记住，如果你改变主意，我们随时恭候。在我们这一行，忠诚就是一切。别忘了这一点。
1080	剧本
1081	自由模式
1082	故事模式
1083	故事模式尚未在早期访问中提供。更多详情，敬请期待。
1084	开始游戏
1085	加载游戏
1086	难度等级
1087	简单
1088	正常
1089	困难
1090	现实
1091	自定义
1092	股息
1093	利润
1094	耐受力
1095	公司
1096	开始游戏
1097	小
1098	中
1099	大
1100	敏感
1101	中等
1102	坚韧
1103	顽强
1104	每月一次
1105	每年一次
1106	启动资金
1107	证券经纪人
1108	房地产经纪人
1109	摄影师
1110	建筑师
1111	时装设计师
1112	酒店经理
1113	旅行代理
1114	健身教练
1115	营养师
1116	职业理疗师
1117	药剂师
1118	兽医
1119	平面设计师
1120	概况
1121	生日快乐！愿今年充满成功和幸福！
1122	祝你生日快乐！为又一年的美好回忆干杯！
1123	生日快乐！希望你的特别的日子充满爱和欢笑！
1124	生日快乐！我希望这一天和你一样不可思议！
1125	生日快乐！祝愿新的一年充满欢乐和繁荣！
1126	祝你生日快乐！尽情享受这美好的一天！
1127	生日快乐！愿今年是最好的一年！
1128	生日快乐！我希望你的今天充满了让你微笑的一切！
1129	生日快乐！我知道这些情况并不理想，但我要提醒你，你并不孤单。我们会一起渡过难关，更好的日子在等着我们。坚强起来。
1130	生日快乐！我知道在医院里庆祝生日很不容易，但我还是来给你带来一些欢乐和祝福。等你恢复健康后，我们会补偿你的。祝你早日康复！
1131	我们去庆祝吧！
1132	只是路上的一个小磕碰，你很快就会回到正轨的。
1133	我相信你会康复。
1134	一天一天来，你很快就会好起来的。
1135	坚强起来，记住有我在。
1136	别担心，你很快就会恢复的！
1137	每一天都在向痊愈迈进。
1138	保重身体，健康最重要。
1139	记住要保持积极乐观的态度，这样才能有所作为。
1140	康复之路或许漫长，但我会与你同在。
1141	保持耐心，相信康复的过程。
1142	你的朋友祝你生日快乐，并送给你 {global.podarunok}。
1143	哇，你的某个朋友决定送你一辆车！
1144	你的名字
1145	你的生日
1146	一月
1147	二月
1148	三月
1149	四月
1150	五月
1151	六月
1152	七月
1153	八月
1154	九月
1155	十月
1156	十一月
1157	十二月
1158	这反映了公众对你的看法。高公众形象可以吸引更多交易、更好的员工，并在公共事件或危机中提供良好的地位。通过正面公关、合乎道德的商业行为和成功的企业来保持。
1159	你在金融界的成就。高金融成就会增加银行的信任，从而获得更好的贷款条件和投资机会。成功经营企业、投资获利、保持高净资产，都是成功的基石。
1160	这可以衡量你对商业道德的遵守情况。高道德操守可以树立良好的公众形象，改善与企业的关系，避免法律问题。可以通过避免不正当交易来保持道德操守。
1161	这可以衡量你在商业世界中的人脉关系。强大的人际网络可以为你带来独特的商业机会、内幕消息和更好的交易。可以通过参加社交活动、与其他商人达成交易以及结交有影响力的人士来建立人脉。
1162	这反映了你对市场的理解。丰富的市场知识可以帮助你做出更好的投资决策，抢先发现市场趋势，避免错误投资。通过成功投资和经营企业，你的市场知识也会得到提高。
1163	这可以衡量你对社会的贡献。乐善好施可以提升公众形象，使你更讨人喜欢，甚至在危机时刻获得公众的支持。可以通过向慈善机构捐款和支持公益事业来提高慈善感。
1164	这个分数代表你愿意涉足新领域，支持开创性的想法。它通过投资不同的项目和支持新颖的企业而上升。
1165	这是上述所有类别的总结。较高的总体声望可提高你在商界的地位，赢得同行的尊重，并在大多数企业中取得成功。它反映了你在各方面声望的平衡程度。
1166	交易所今日关闭。
1167	菜单按钮
1168	回到游戏
1169	保存游戏
1170	你想退出到主菜单吗？
1171	暂停
1172	空格
1173	设置
1174	欢迎使用 STONKS-9800 demo 版： 股市模拟器！买卖股票、购买房地产，尽享乐趣！不过，你要记住，试玩版仅限于前两年，而且也不是游戏的最终版本。在演示版中也无法保存游戏。
1175	感谢你游玩 demo 版！你已经在高风险的金融世界中度过了两年的旅程，我希望你能享受每一刻。##全面的冒险才刚刚开始。如果你已经准备好看看你的财务决策会给你带来什么，请关注 stonks.jp 上的新闻。在这里，你可以找到所有链接，随时更新并获得完整游戏。##我迫不及待地想看到你接受挑战！
1176	继续
1177	改变支出
1178	按 <enterr> 开始比赛
1179	菜单按钮
1180	在 stonks.jp 上关注游戏
1181	Demo 版中不可用
1182	与艾米的友谊
1183	工程
1184	技术
1185	医药
1186	金融
1187	汽车
1188	娱乐
1189	能源
1190	电信
1191	农业
1192	建筑
1193	传媒
1194	该公司将专注于土木、机械、电气或化学工程，生产相关产品和提供服务。
1195	该公司将专注于软件开发公司、硬件制造商或提供技术支持。
1196	该公司将专注于药品和其他健康相关产品的生产和分销。
1197	该公司将专注于银行、投资或保险。
1198	该公司将专注于汽车制造商或与汽车行业相关的生产。
1199	该公司将专注于电影制作、音乐、游戏，等等。
1200	该公司将专注于能源生产或供应，包括石油和天然气或可再生能源。
1201	该公司将专注于提供电话、互联网和其他通信服务。
1202	该公司将专注于种植、畜牧或通过其他方式参与食品生产。
1203	该公司将专注于建筑或其他基础设施项目。
1204	该公司将专注于媒体制作或广告服务。
1205	活动领域
1206	老板，我非常享受我们一起工作的时光。在我完成任务的过程中，我非常感谢你的指导和耐心。让我们继续努力吧！
1207	你的领导风格与众不同，我喜欢。你不只是发号施令，而且善于倾听。令人惊讶的是，很多老板都忘记了对话是双向的。
1208	来这里之前，我在一家大型跨国公司工作。虽然有很多好处，但我觉得自己只是机器上的一个齿轮。在这里，我可以看到我的工作带来的变化。
1209	我要感谢你们对我的信任。这不仅仅是因为我在这里的职位，还因为你愿意倾听我的意见和想法。这并不常见，但意义重大。
1210	多年来，我有过很多上司，但没有一个能像你这样。你不仅是我的上司，更是我的朋友。在这个残酷的商业世界里，这是很难得的。
1211	强力弹球
1212	在弹珠机中收集超过 <need> 个球。
1213	金色通道
1214	在弹珠机中一次击中超过 <need> 个球。
1215	身陷囹圄
1216	进监狱（为什么？）。
1217	盈利神话
1218	每月获得超过 {need} 的净利润。
1219	梦想座驾
1220	买第一辆车。
1221	交易与否
1222	进行有利可图的交易（<need>）。
1223	现金捕手
1224	账户里有 {need} 流动资金。
1225	龙之宝藏
1226	拥有 {need} 的财产。
1227	债务杀手
1228	还清贷款。
1229	Stonks！
1230	从一家公司获得 {need} 的股息。
1231	新年快乐！
1232	相约 <need>。
1233	播种机器
1234	投资有前途的项目——<need>。
1235	董事会议
1236	出席股东大会。
1237	凯旋赛道
1238	赢得赛马。
1239	话筒落地
1240	发表完美的演讲。
1241	宁静漫步
1242	和艾米一起散步。
1243	朋友不多
1244	认识 <need> 人。
1245	新任 CEO
1246	成为公司主席。
1247	赛博东京
1248	投资未来科技。
1249	人民最爱
1250	公众形象达到——<need>。
1251	金融巨鳄
1252	金融成就达到——<need>。
1253	道德完人
1254	道德操守达到——<need>。
1255	广结善缘
1256	人脉关系达到——<need>。
1257	市场大师
1258	市场知识达到——<need>。
1259	慈悲为怀
1260	慈善事业达到——<need>。
1261	万众创新
1262	创新能力达到——<need>。
1263	东京传奇
1264	总体声望达到——<need>。
1265	里程碑
1266	已达到的里程碑
1267	达到新里程碑
1268	已达到
1269	跟踪你的进度
1270	继续之前的游戏
1271	可疑的报纸《真实之真实》披露了 <global.myname> 与黑社会的关系。这对你的声望造成了沉重打击。
1272	对不起，你没有那么多钱……但我可以跟我朋友谈谈，他是个银行家。也许他能尽快借给你你需要的钱。
1273	好消息！我已经安排好了一切，贷款已到账。
1274	不幸的是，失败了……钱不够……
1275	未知
1276	空
1277	金融监督厅
1278	请注意！我们在你最近的交易中发现了一些违规行为，这些行为表明你有进行内幕交易的嫌疑。这些指控非常严重，可能导致巨额罚款甚至监禁。请全力配合我们正在进行的调查。
1279	你的交易活动目前正在接受金融监督厅的调查。我们敦促你在调查结束之前停止任何进一步的交易。
1280	对你涉嫌内幕交易的调查已经结束，案件将移交东京地方检察厅。请做好被起诉的准备。
1281	你被禁止在证券交易所进行交易。
1282	我听说了你的法律纠纷。别担心，我在业内最好的律师事务所之一有熟人，你对我们的服务感兴趣吗？##这将花费 {global.moneyylawer}。##根据付款金额和你的声望，这个案子的前景：<forecast>。
1283	律师
1284	法庭认定你犯有内幕交易罪。##现判处你 3 个月监禁和 {amount_shtraf} 罚款。##这是严重的失信行为，有损金融市场的诚信。
1285	由于你的内幕交易罪名成立，你被处以 {amount_shtraf} 罚款，并在 <time_days> 天内禁止交易。##本判决立即生效。
1286	鉴于出示的证据和你的辩护团队提出的具有说服力的论据，法庭特此免除对你的所有内幕交易指控。##你现在可以自由进行交易活动，不受任何法律限制。##我们敦促你今后在规定的法律范围内开展业务，以避免发生此类事件。
1287	你最近工作很辛苦。也许你今天休息一下会更好。
1288	太棒了！我的团队马上就开始工作！
1289	可惜你没钱请律师。他对你会有用的……
1290	严峻
1291	暗淡
1292	不确定
1293	有风险
1294	五五开
1295	有希望
1296	乐观
1297	可能
1298	很可能
1299	确定
1300	法庭特此免除对你的所有内幕交易指控。你现在可以自由进行交易活动，不受任何法律限制。##我们敦促你今后在法律规定的范围内开展业务，以避免发生此类事件。
1301	现在，你又可以在证券交易所进行交易了！
1302	振作起来，老板。我们会渡过难关的。
1303	别让这件事影响你，老板。你比想象的更坚强。
1304	有很多人在等着你回来呢，老板。
1305	记住，老板，每场暴风雨都会有雨停的时候。
1306	只是暂时的挫折，老板。我们同在。
1307	剩下的交给我吧，老板。我们一起搞定。
1308	记住你教我的，老板：永不放弃。
1309	这不是终点，老板。我们会比以前更强大。
1310	大型 <sector_name> 公司的员工以安全条件差和工资不足为由大量离职。业内专家预测，这可能会导致该行业的发展放缓。
1311	最近的一项创新推动了 <sector_name> 行业的蓬勃发展，提供了新的投资机会。
1312	一家领先的 <sector_name> 公司刚刚公布了一项重大发现，引发了该行业的热潮。
1313	新法规的出台在 <sector_name> 行业掀起了轩然大波，引起了行业大动荡。
1314	<sector_name> 行业创纪录的盈利增强了投资者的信心。
1315	<sector_name> 行业革命性技术的问世令投资者兴奋不已。
1316	最近的一场危机导致 <sector_name> 行业萧条，影响了生产和投资前景。
1317	与 <sector_name> 行业有关的争议性政策引起了公众的强烈不满，对其发展造成了负面影响。
1318	关于企业普遍存在不当行为的指控对 <sector_name> 行业的发展造成了负面影响。
1319	<sector_name> 令人印象深刻的季度增长数字赢得了投资者的信心。
1320	最近的一桩金融丑闻动摇了投资者对 <sector_name> 的信心。
1321	<sector_name> 未达到盈利预期，给投资者带来了一些不确定性。
1322	<sector_name> 已获得重大政府合同，增强了投资者的信心。
1323	<sector_name> 在整合第五代计算机方面处于领先地位，令投资者兴奋不已。
1324	外国投资激增增强了投资者对 <sector_name> 的信心。
1325	<sector_name> 正在为支持日本的快速城市化创造创新解决方案，吸引投资者。
1326	凭借日本的出口热潮，<sector_name> 吸引了投资者的目光。
1327	当前的能源危机给 <sector_name> 带来了巨大挑战，令投资者担忧。
1328	外国对日本商品需求的减少对 <sector_name> 产生了负面影响，令投资者感到紧张。
1329	快速的技术变革对 <sector_name> 的适应性提出了挑战，导致投资者持怀疑态度。
1330	日益激烈的国际竞争对 <sector_name> 构成严重威胁，降低了投资者的信心。
1331	严格的环境法规正在影响 <sector_name> 的运营，给投资者带来不确定性。
1332	美国经济衰退正在影响 <sector_name>，令投资者担忧。
1333	由于激动和过度紧张，你的发言显得平淡无奇。
1334	我想我现在的状态不适合发言。
1335	<company_name> 董事会邀请你担任公司 CEO。##注意你只能同时担任一家公司的 CEO。##你同意吗？
1336	真是遗憾！
1337	员工士气
1338	产品/服务质量
1339	研发能力
1340	品牌声望
1341	投资者吸引力
1342	股息
1343	公司
1344	高级营销活动
1345	推出更多广告和营销活动，以提高品牌知名度和销售额。
1346	扩建生产设施
1347	扩大制造能力，提高产品产量和潜在收入。
1348	向员工发放奖金
1349	通过为员工提供绩效奖金来提高士气和生产力。
1350	利用公司的储备金来改善运营的各个方面。这些升级可以提高效率，开拓新市场，甚至提高品牌声誉。
1351	积累研发点数并将其用于关键升级，推动公司技术进步。改进产品、提升服务或改进我们的运营流程。
1352	退出
1353	储备金
1354	研发点数
1355	最后净利润
1356	市值
1357	资产价值
1358	业务投资
1359	你想进行业务投资吗？
1360	祝贺你完成了业务投资！
1361	我们没有足够的储备金。
1362	我们推进了高级营销活动，但市场似乎比我们想象的要艰难。品牌知名度和销售额略有提升，但不如预期。让我们改进一下方法。
1363	我们的高级营销活动已经实施。品牌知名度和销售额都得到了适度提升。我们已步入正轨。
1364	好消息！我们的高级营销活动取得了巨大成功！品牌知名度和销售额都大幅提升。我们的方法确实收到了成效！
1365	非常好！我们稍后就会知道投资成果。
1366	我们扩建了生产设施，但过渡比预期的要艰难。产量增幅低于预期。我们需要重新审视扩张战略。
1367	我们成功扩建了生产设施。产品产量和潜在收入都有了可观的增长。让我们继续保持这一势头。
1368	我们生产设施的扩建取得了巨大成功！产品产量和潜在收入大幅增长。我们的增长战略显然是有效的！
1369	我们已经向员工发放了奖金，但似乎对士气和生产率的影响并没有预期的那么大。
1370	我们已经向员工发放了奖金。士气和生产率都得到了适度的提高。这是一个积极的举措。
1371	我们向工人发放奖金的决定是正确的！这极大地鼓舞了士气，提高了工作效率。我们的团队感到自己受到了重视，工作效率也在不断提高。
1372	研发
1373	开发新一代产品
1374	发掘新的创新产品进行销售，吸引新客户，增加收入。
1375	提高效率
1376	改进生产流程，降低成本，提高利润率。
1377	扩展专利组合
1378	投资知识产权，保护创新成果，创造新的创收机会。
1379	我们还没准备好进行这样的研究。
1380	我们已经启动了下一代产品的开发，但创新似乎并没有像我们希望的那样引起共鸣。市场反应冷淡。
1381	我们的下一代产品开发计划取得了不错的反响。我们看到了适度的兴趣和销售增长。创新的道路似乎是正确的。
1382	我们的新一代产品开发在市场上引起了巨大轰动！市场兴趣大增，销售额猛增。我们的创新方法显然改变了游戏规则！
1383	我们一直在努力提高效率，但效果并没有预期的那么明显。我们的流程略有简化，但仍有改进的余地。
1384	我们已经实施了提高效率的措施。业务流程得到了合理的改进。情况正在好转。
1385	我们提高效率的努力收获颇丰！业务得到了重大改进。这确实简化了流程，提高了生产率！
1386	我们一直在努力扩大我们的专利组合，但这一过程比预期的要艰难。我们获得了一些专利，但数量不如预期。是时候重新考虑我们的研发战略了。
1387	我们扩大专利组合的努力取得了一定的成功。我们获得了相当数量的新专利，为我们赢得了竞争优势。我们正在稳步前进。
1388	我们的专利组合扩展取得了巨大成功！我们获得了大量专利，进一步增强了我们的竞争优势。事实证明，我们的研发能力是一项重要资产！
1389	研究已经开始！
1390	正在进行的研究
1391	研究
1392	营销
1393	储备
1394	<companynamee> 董事会的薪水
1395	<companynamee> CEO 的薪水
1396	你想成为 <global.kompa> 公司的执行董事吗？##注意你只能同时担任一家公司的 CEO。
1397	支持率
1398	日本经济开始升温，让经济预测专家们感到震惊。现在是乘势而上的时候吗？
1399	日本经济日益强劲！这对我们的未来意味着什么？金融界一片欢腾。
1400	没有放缓的迹象：我们的经济蓬勃发展，房地产价格飞涨。对日本来说，这是多么令人振奋的时刻！
1401	广场协议已经签署，这可能导致日元升值。
1402	大城市地价飞涨！经济学家预测，房地产投资者的前景一片光明。
1403	新的报告显示，购买第二套住房的家庭数量创下历史新高。这是我国经济实力的标志。
1404	尽管美国股市暴跌，但我们的经济依然强劲。这证明了我们的韧性，但地平线上是否已出现了暴风雨？
1405	日本公司正在积极购买海外房产，标志着我们全球经济扩张的新篇章。
1406	由于投资者继续对日本的增长轨迹表示信任，股市创下历史新高。
1407	随着日本人均 GDP 超过美国，经济继续稳步增长。
1408	尽管房地产和股票价格持续走高，但一些专家对可能出现的市场调整表示担忧。
1409	主要城市的房地产价格开始下跌，市场面临动荡。经济学家呼吁谨慎行事。
1410	据说，东京皇居的价值超过整个加利福尼亚州！
1411	专家建议，随着资产价格下降，现在可能是经济调整时期。
1412	意外事件！日经 225 指数大幅下跌！让我们团结起来，共同面对这一新的现实。
1413	泡沫已经破灭！房价和股价暴跌。 在我们准备应对经济衰退的时候，团结就是我们的力量。
1414	日本目前正处于经济危机之中。宽松货币的时代已经过去。未来将会怎样？
1415	海外股市在经历了黑色星期一的暴跌后，开始出现恐慌情绪。但日本市场仍然相对稳定。
1416	迎着新千年的第一缕朝阳，我们回顾了过去几十年的非凡历程。我们经历了从经济繁荣的高峰到金融动荡的严峻挑战。我们见证了坚韧不拔的力量、战略决策的重要性以及日本精神不屈不挠的力量。在 2000 年来临之际，我们知道这不是终点，而是新纪元的起点。让我们把所学到的东西发扬光大，在这个瞬息万变的商业世界中继续前行。让新世纪属于我们。新年快乐，投资愉快！
1417	感谢你的游玩！##你可以继续游戏，但后续事件将完全随机，不具有历史意义。
1418	欢迎游玩 STONKS-9800 Early Access 版本！请注意，此版本正在积极开发中，可能包含错误或未完成内容。在我努力将游戏做得更好的过程中，我非常重视你的反馈意见。感谢你的理解和支持！#该翻译制作较为仓促，大部分为机翻，如有错误请联系 QQ：3192711597
1419	像素宫殿街机
1420	旋律缔造者公司
1421	樱花工作室
1422	Nigiri 牧民
1423	原宿遗产
1424	新干线将军
1425	技术之虎电子
1426	弹珠机乐园
1427	Vend-it 自动售货机
1428	幻影漫画出版社
1429	抹茶大师
1430	东京塔不动产
1431	旭日唱片
1432	朝日汽车
1433	武士科技公司
1434	我和艾米的关系又上了一个新台阶！也许我需要和她谈谈……
1435	你拥有公司的控股权。你现在是公司的实控人。但并非所有人都喜欢这样。
1436	一位匿名人士向我们兜售有可能带来丰厚利润的内幕消息。但这可能收到不道德的指摘。我们应该购买吗？#价格——{yenprice}。
1437	我们收到了以下信息：“<comomo> 的股价有望上涨”。你怎么看？
1438	我们收到了以下信息：“<comomo> 的股价即将下跌”。我们应该相信吗？
1439	一家著名商业杂志的记者要求采访你，讨论你的成功故事。你愿意接受采访吗？
1440	采访很成功！你鼓舞人心的故事改善了你的公众形象。
1441	采访没有按计划进行，你的一些言论被断章取义。负面新闻损害了你的公众形象。
1442	记者歪曲了你的话，捏造了一个耸人听闻的故事。这导致你的公众形象大打折扣。
1443	某慈善组织要求你成为其事业的形象大使。这可能会影响你的公众形象。你愿意接受他们的邀请吗？
1444	你与慈善组织的合作受到了公众的好评。这大大改善了你的公众形象。
1445	不幸的是，在你担任大使后不久，该慈善组织就卷入了一桩财务丑闻。这一事件损害了你的公众形象。
1446	一位著名的煽情作家正在撰写一本未经授权的关于你的传记。他邀请你为这本书撰稿。你愿意参与吗？
1447	你参与完善了传记，使其对你更加有利。这大大改善了你的公众形象。
1448	尽管你做出了贡献，但书中对你的描述却不尽人意。这对你的公众形象造成了一定的损害。
1449	几天前，你的传记出版了，你决定不参与其中。
1450	这本书被批评为哗众取宠，缺乏可靠的资料来源，对你的公众形象影响不大。
1451	这本书成了畅销书，在没有你指导的情况下，作者随意地添油加醋。这损害了你的公众形象。
1452	一位老业务伙伴公开批评你最近的行为。你会对这些指控做出回应吗？
1453	你对指控做出了清晰、沉着的回应，受到公众好评。你的公众形象略有改善。
1454	你对指控的回应被认为是狡辩，导致你的公众形象进一步受损。
1455	你的沉默被解释为默认。这进一步损害了你的公众形象。
1456	与所有预测相反，<nameofcompany> 在股市上取得了惊人的成就。公司股价大幅攀升，显著反弹，令投资者大吃一惊。
1457	<nameofcompany> 股价突飞猛进，展现了企业复兴的非凡魅力。市场对这一引人注目的回潮议论纷纷。
1458	在经历了一段时间的动荡之后，<nameofcompany> 实现了惊人的逆转！公司股价曾一度跌至谷底，如今却一飞冲天，命运发生了大反转。
1459	这是个死灰复燃的故事，<nameofcompany> 从之前的低谷中奇迹般地复苏了。公司股价一度在历史最低点徘徊，如今却出现了惊人的反弹。
1460	在经历了一段时间的阴霾之后，<nameofcompany> 又迎来了曙光。这家濒临财务崩溃的公司股价大幅攀升，实现了奇迹般的复苏。
1461	<nameofcompany> 从一段财务危机中恢复过来，可谓是“绝境之中尚有一线生机”。这家曾一度陷入困境的公司的股价现在正以前所未有的速度上升。
1462	心心相印
1463	与艾米的关系等级达到——<need>。
1464	请记住，为了你的方便，我会立即卖出所有做空的股票，这样你就能直接得到资金。但你需要将其买回并交给经纪人。
1465	净利润
1466	通过以下方式补充储备金
1467	研究点数
1468	亏损
1469	储备金被用来弥补亏损。
1470	我们没有足够的钱来弥补亏损。我们将不得不削减工资和生产成本。
1471	<global.namemycomp> 公司报告
1472	你不得不出售 <pepe2> 公司的股票换取 {iz} 来偿还债务。
1473	新上任
1474	无边框
1475	管理 <mycompname> 公司
1476	补充储备金
1477	辞去 CEO 职务
1478	你可以用自己的资金补充公司的储备金。
1479	你想补充 {global.ownmoney_reserves} 到公司储备金吗？
1480	我们该怎么办？
1481	你没有足够的钱。
1482	增加
1483	减少
1484	你真的想辞去 CEO 一职吗？
1485	<global.myname> 将辞去 <compname> CEO 一职！
1486	企业家
1487	投资者欢欣鼓舞，股价飙升，因为他们期待着一个新的、可能更有效的领导班子。
1488	市场保持稳定，表明人们对公司未来的领导持谨慎乐观态度。
1489	股价小幅下挫，反映出人们对公司在没有知名领导人的情况下的未来的担忧。
1490	这一消息引发股价大幅下跌，因为投资者担心公司在没有杰出领导人的情况下会前途未卜。
1491	我很高兴你决定离开这家可疑的公司。这是一个正确的决定。
1492	公司被清算
1493	失业
1494	非公开交易
1495	卡拉 OK 偶像
1496	漫画家
1497	顶尖工薪族
1498	时尚风向标
1499	黑客
1500	俳句诗人
1501	武术大师
1502	夜总会舞者
1503	将棋棋手
1504	吉田洋
1505	或
1506	奇怪的噪音？是你的消音器松了。
1507	一股浓烈的橡胶烧焦味提醒你出现了问题。原来，汽车的蛇形皮带断裂了！
1508	你的汽车在行驶过程中发动机开始过热。打开引擎盖一看，发现散热器漏水了。
1509	汽车的制动器感觉松软，反应迟钝。看来是制动液管路有泄漏。
1510	你的一个轮胎缓慢漏气，可能是几天前开车碾过的玻璃碎片造成的。
1511	你的挡风玻璃雨刷器停止工作了。
1512	汽车收音机停止工作。旅途中没有音乐。
1513	去修车似乎是个不错的主意。
1514	公共交通超负荷运转。你不得不坐一整天的出租车，花费 {shtraf}。
1515	公交车被突如其来的洪水堵住了。你的财物因水灾损失惨重。
1516	在你走回家的路上，一只狸猫钻进了你的背包，吃掉了你的午餐。你不得不花 {shtraf} 买了一份代餐。
1517	你心爱的录音机在颠簸的公交车上坏了。修理费花了你 {shtraf}。
1518	你在公交车上睡着了，坐过了站。回来的出租车费花了你 {shtraf}。
1519	你走路时踩到香蕉皮滑倒了。干洗费花了你 {shtraf}。
1520	街上的算命先生给你算了一卦。要扭转它，你必须支付 {shtraf}。
1521	你抄近路穿过一条僻静的小巷，却遭遇了一群小偷。他们抢走了你的钱包和手表，让你损失了 {shtraf}。
1522	无论走到哪里，你都会吸引人们的目光，但并非都是好事。你被一群狡猾的街头艺人骗了，损失了 {shtraf}。
1523	当你在等公交车时，一个熟练的扒手盯上了你。你没有注意到，直到为时已晚，你损失了 {shtraf}。
1524	当你深夜走在回家的路上时，一群对你不道德的商业行为心怀不满的人对你进行了伏击。
1525	你的恶名终于遭到了报应。一群因为你而赔钱的愤怒投资者把你逼到小巷子里，对你大打出手。
1526	来自极道的回报
1527	捐赠
1528	购买数据
1529	偿还债务
1530	借款
1531	慈善
1532	投资
1533	酒水
1534	每股 <arg0> 的股票
1535	出售汽车
1536	协议购买股份
1537	法院罚款
1538	补充储备金
1539	意外开支
1540	贿赂
1541	借入资产
1542	罚款
1543	车辆修理
1544	购买房产
1545	赌博
1546	游戏机
1547	购买车辆
1548	日常开支
1549	日期
1550	数额
1551	说明
1552	公司
1553	收入与支出总账
1554	礼品
1555	获奖
1556	兼职工作
1557	投资利润
1558	保险支付
1559	债务偿还
1560	遗产
1561	拾得
1562	出售房产
1563	每股 <arg0> 的股票（做空）
1564	股票
1565	平均买入价
1566	当前价
1567	证券组合
1568	最后买入价
1569	你的声望不允许你进行做空。
1570	你好，<global.myname>！你的声望为你打开了新的大门。我们现在为你提供参与做空的机会。从借来的股票中获益，扩大你的收益。准备好了吗？
1571	商业提案
1572	大家好！我是“未来科技”的齐藤龙之介！我们的使命是将东京改造成“新东京”——传统与未来科技的融合。与我们一起投资，你不仅能参与公司的发展，还能塑造网络大都市的未来。准备好参与新东京的创建了吗？
1573	证券交易所已经没有这家公司的股票了。
1574	我要以低于市场价的价格出售我的一些股票。我希望这个过程顺利而低调。以 {cena2} 的价格出售 <colich> 股票怎么样？现在外面的价格可是 {cena1}。我们来讨论一下细节吧？
1575	我的股票价格很有竞争力。尽管 <colich> 股票目前的市价是 {cena1}，但以 {cena2} 的价格购买 <colich> 股票如何？让我们进一步详谈。
1576	交易所今日关闭
1577	交易时间
1578	金融监管机构
1579	无限
1580	慢
1581	快
1582	你最近买了很多这家公司的股票。谨慎抛售。
1583	你最近卖出了这家公司的大量股票。谨慎回购。
1584	金融监督厅可能会认为这种行为可疑，并调查你是否可能操纵市场。
1585	最小
1586	正常
1587	小心点。
1588	我们观察到与你账户相关的异常交易活动，此类行为可能被视为操纵市场。我们建议你以负责任的态度进行交易，并确保你的交易符合市场规定。
1589	由于你的账户存在可疑交易活动，现传唤你到监管委员会出庭。
1590	你被暂时禁止在交易所交易。
1591	没有发现操纵市场的证据。被告无罪释放，可以自由交易。
1592	法庭审查了提交的证据。没有发现操纵市场的确凿证据。因此，对被告的所有指控均不成立，被告可以不受任何限制地继续从事交易活动。
1593	在对交易和交易模式进行审查后，被告被认定犯有轻微操纵市场战术罪。处以 {amount_shtraf} 的罚款。但是，鉴于被告的违法程度较轻，因此没有发布交易禁令。
1594	法庭发现大量证据表明被告严重操纵市场。鉴于其违法行为的严重程度，将对其处以 {amount_shtraf} 的巨额罚款。此外，为防止进一步扰乱市场，将实施为期 <time_days> 天的交易禁令。
1595	致电
1596	电话
1597	忙
1598	没人接电话。
1599	对不起，<surname> 正在工作。你能稍后再打来吗？
1600	现在上班。稍后再打电话。
1601	<surname> 在工作。稍后再试。
1602	我们有些工作。稍后再打。
1603	<surname> 现在在工作。周末再打个电话如何？
1604	你好！你的电话对 <fullname> 很有价值。不幸的是，他们现在忙于工作。你能考虑周末再打来吗？
1605	哦，真没想到！<surname> 居然在工作。也许下次可以在周末打电话？
1606	猜猜 <surname> 在干嘛？工作。试着动动脑子，周末再打电话。
1607	<surname> 工作很忙。周末联系如何？
1608	现在怎么办？我现在正在整理我的漫画，所以如果你没有任何稀有漫画愿意出售的话，最好赶紧滚蛋。
1609	哦，真是个惊喜。听着，我正忙于自己的生活，你有空也该试试。
1610	现在不行，天才。我们中有一个人其实还有工作要做。
1611	我说过你可以打断我的研究吗？看来我高估了你的时间观念。晚点再打。
1612	想破坏我的锻炼节奏？你可以试试。有什么值得说的再打来吧。
1613	我真的以为你很理智，不会在上班时间打扰我这样的人。显然，我错了。
1614	是你啊。我正忙着处理一些有趣的事。不幸的是，你的电话不在内。
1615	你真的认为你的电话会优先于我的阅读吗？再想想吧。
1616	我现在比你更关注我的头发，你不要抱怨。等你长大了再打来吧。
1617	你应该学会尊重别人的时间，尤其是当他们明显不是你的对手时。日安。
1618	你打电话的时机再糟糕不过了。你打断了我重要的工作。你整天都在干嘛？
1619	有重要的事，你不会明白的。稍后再打。
1620	我以为只有别人会这样缺乏远见，但你呢？令人失望。找个更好的时间吧。
1621	现在不合适。
1622	有数以百计的书籍可以教你如何正确把握时机。也许你可以在下一次打电话前买一本？
1623	这不是你的私人热线。我还有其他更重要的事情要做。
1624	在这个充斥着优先事项的世界里，这通电话并不是优先事项之一。另寻时机吧。
1625	你知道有比……现在更好的时机打电话吗？
1626	你可能有一整天的时间，但我们中有一个人还有工作和责任。晚点再打吧。
1627	显然，我繁忙的日程安排没有你随意的电话重要。呵呵。
1628	我今天还没准备好……
1629	我还以为会有个重要的电话，没想到是你。今天不行。
1630	我们中有一个人不会整天无所事事。
1631	你的迟钝真是令人震惊。等我不那么忙的时候再打给我吧，如果可能的话。
1632	呃，嘿！来得不是时候。我在整理这些文件？我们能晚点再聊吗？
1633	我现在正在进行计算和研究。能等等吗？下班后再联系我吧。
1634	你好，这里是答录机。我现在在健身房锻炼。请你下次再打来。
1635	你是在工作时间联系我的。我相信你明白其中的含义。请在更合适的时间回电。
1636	哦，你好！我现在有点杂事缠身。我晚点再打给你好吗？
1637	我正在读一些重要的书。我们能晚点再讨论吗？最好是下班后。
1638	哈哈，虽然我很想聊天，但我要去美容院了，你知道的。我们有空再聊，好吗？♪
1639	你的电话确实很重要，但我现在正在开会。我会尽快给你回电。
1640	嘿，我现在正忙着做模型呢。你能稍后再打给我吗？
1641	我现在正在调试一些代码，没时间休息。能下班后再谈谈吗？
1642	哟！我正在打棒球。我能在第九局后再打给你吗？
1643	恐怕你来得不是时候，我的日程很满。我们下班后再联系吧。
1644	哦，你好！我正在缝东西呢。我们晚点再聊可以吗？
1645	我现在正在研究一个非常复杂的方程式。介意我们晚上再聊吗？
1646	哈哈，我要去买新衣服了。等我买完了，我们再聊，好吗？
1647	你好。我正在参加一个重要的研讨会。我们以后再聊吧。
1648	嘿，我现在正沉浸在我的漫画收藏中。晚点打给我，好吗？
1649	我现在正忙着写研究报告。等太阳下山了，我们再叙旧吧？
1650	老兄，我刚开始锻炼！等我喘口气再聊好吗？
1651	不幸的是，我的工作很忙。我们能在一个更轻松的时间段交谈吗？
1652	哦，你好！我在尝试一种新的编织图案。我们可以后面再谈谈吗？
1653	目前，我正在阅读一本发人深省的杂志。我们能在晚餐时间聊聊吗？
1654	嘿嘿，我正在尝试新发型。等我美美地准备好了，再给你打电话！
1655	不便之处请原谅。我正在开会。等我的事情解决了，我们再聊好吗？
1656	谈公事
1657	谈私事
1658	邀请去酒吧
1659	你好？你是谁？
1660	嗯？你是……？
1661	嘿，我想你找错人了。怎么了？
1662	我在。说吧。
1663	喂？你是谁？
1664	喂？有什么事吗？
1665	哦……是你啊。你有什么事？
1666	我听到了。请说明你的情况。
1667	呃，我认识你吗？
1668	我是 <surname>。快点说吧。
1669	你是谁？你打电话来干什么？
1670	这有点出乎意料。你想要什么？
1671	对不起，我们见过面吗？
1672	我是 <surname>。你打电话来有什么事吗？
1673	你为什么给我打电话？我们认识吗？
1674	好了，说吧。为什么打电话？
1675	哦，嘿！是你啊。怎么了？
1676	你好。很高兴听到你的声音。我能帮你什么忙？
1677	嘿，你好。没想到你会打电话来。怎么了？
1678	啊，是你。希望你一切都好。什么风把你吹来了？
1679	哦，嗨！最近怎么样？
1680	你好。今天我能为你提供什么帮助？
1681	嘿！好久没聊天了。有什么新消息？
1682	又见面了。听到你的消息总是很高兴。你在想什么？
1683	嘿，很高兴和你联系。有什么特别的想法吗？
1684	你那边怎么样？
1685	哟！好久不见。没事吧？
1686	你好，我的朋友。什么风把你吹来了？
1687	又见面了！今天有什么事吗？
1688	嗨！没想到你会打电话来。有什么事吗？
1689	你好！听到你的消息总是很高兴。最近怎么样？♪
1690	哦，是你啊。希望一切都好。有什么事吗？
1691	好久不见！我最喜欢的捣蛋鬼最近怎么样？
1692	啊，我一直想念的声音！你最近好吗？
1693	这不是故事的主人公吗？伙计，你在做什么？
1694	啊，真是个惊喜。听到你的来信，我的心情总是豁然开朗。
1695	我的天啊！真的是你吗？我很想念我们的聊天！
1696	终于来了！我还以为你把我忘了呢。你最近怎么样？
1697	嘿，帅哥！听到你的消息总是很高兴。有什么新消息？♪
1698	啊，正是我想找的人。一切都还好吗？
1699	哦，嘿。是你啊。最近怎么样？
1700	你好。今天有什么可以帮你？
1701	嘿。没想到你会打来。怎么了？
1702	啊，是你。有什么需要我帮忙的吗？
1703	你好！你总是知道什么时候打电话来让我开心。有什么新消息？
1704	啊，这就是我希望听到的声音。事情怎么样了？
1705	你好！永远开心。♪你在想什么？
1706	哦，你好！你来得正是时候。一切都还好吗？
1707	哇哦！你以为你是谁？我们还是说点基本的，好吗？
1708	你说什么？我没想到我们突然成了好朋友。我们谈点不那么伤人的事怎么样？
1709	嘿，少管闲事！看过棒球吗？那是个更安全的话题。
1710	你显然高估了我们的相识程度。让我们把话题引向更中立的地方，好吗？
1711	嗯……我不知道你为什么觉得这样合适。我们能换个话题吗？
1712	我觉得你越线了。我们还是谈小说或电影吧，好吗？
1713	哇，这有点私密了吧？不如我们还是谈谈天气或时尚吧？
1714	我不记得我给过你进入我私人生活的通行证。也许我们可以讨论一下新闻？
1715	呃，我是说，我不喜欢随便和别人谈这些。你尝过新开的拉面馆吗？
1716	这有点私人，我倾向于把这种事情留给自己。让我们讨论一些更中性的话题吧，比如小说或电影。
1717	哇，伙计！我们还没到深入探讨这种话题的阶段。你看了最近的棒球比赛吗？
1718	我很欣赏你的好奇心，但我更愿意把一些话题留给更亲密的朋友。也许我们可以把话题引向另一个方向？
1719	哦，嗯，我不太愿意讨论这个问题。你看到这个季节的樱花了吗？
1720	只是我不会公开讨论这件事。让我们换个话题，也许谈谈那本新的畅销小说？
1721	亲爱的。先别说那些。你听说过原宿的最新流行趋势吗？
1722	我现在不想深入探讨这方面的问题。我相信我们还可以探讨无数其他引人入胜的话题。
1723	诶？你不觉得太私密了吗？总之，最近听过什么好音乐吗？
1724	我不太愿意谈这些事情。你最近逛过什么好的展吗？
1725	哇，慢点！我们还没到那一步呢。说到个性化，你试过定制你的寿司订单吗？
1726	这种话题只适合我的核心圈子。不如我们来讨论一下最近的科技进步吧？
1727	哦，我……嗯，不想谈这个。但你尝过市中心新开的甜品店吗？
1728	我喜欢保持一定的界限。你喜欢艺术吗？有一家新画廊即将开张。
1729	我的天啊！有点太近了。但是告诉我，你试过城里新开的舞蹈班吗？
1730	在某些话题上，我很注重个人隐私。不过，我很想讨论一下最近的经济趋势。有什么想法？
1731	我是说，这有点尴尬……但我的模型火车上周末脱轨了。我花了好几个小时才修好！
1732	我一直在开发一款软件，它可能会改变我们做事的方式。但是……它还处于早期阶段。
1733	昨晚，我试着自制拉面。结果厨房一团糟！做过这样的事吗？
1734	我最近参加了一个关于全球经济的研讨会。这些见解很有启发性，但我觉得缺乏某种……深度。
1735	你知道吗，我一直在考虑加入一个诗歌俱乐部。听起来很傻，但这是我的一个小梦想。
1736	我一直沉迷于实验室的一个新项目。很有前途，但也超级隐秘。别告诉任何人，好吗？
1737	我可能又买了一双我不需要的鞋。但我穿起来很好看。也许有机会你能看看它们？♪
1738	我被选中在一个顶级会议上发表论文。我既紧张又兴奋。你……愿意来吗？
1739	啊，听好了——我加入了这个观鸟小组。我觉得应该有人把它改编成漫画！
1740	我最近一直在深入研究量子物理学。我读得越多，就越觉得自己不懂，但这很吸引人。
1741	我刚打完棒球回来。我的意思是，我不是职业球员，但，嘿嘿，一个人可以做梦！想过打球吗？
1742	我最近参观了一家艺术画廊。这让我开始思考艺术和生活的抽象本质。我知道，这很哲学。
1743	最近，我开始学编织。有种让人平静的感觉。也许我能给你做点什么？
1744	我上周参加了一个技术研讨会。技术进步之快令人激动。让人不禁对未来充满好奇，对吧？
1745	我在城里尝试了一种新的舞蹈课程。它有点超出我的舒适区，但非常有趣。下次你也应该参加！♪
1746	我正在撰写一篇新的研究论文。虽然很耗费精力，但收获颇丰。如果你对此感到好奇，我很乐意和你边喝咖啡边讨论。
1747	哦，天哪，你不会相信我已经开始收集漫画了。你喜欢这种东西吗？
1748	最近，我开始尝试制作船模。这是一项复杂的工作，但却有一种奇怪的满足感。
1749	兄弟，我把相扑当爱好了。别笑！这比看起来难多了！
1750	昨天，我在当地的一个读书俱乐部进行了一场引人入胜的辩论。小组讨论的动力真是与众不同。
1751	我在市中心发现了这家古色古香的小茶店。他们家的抹茶简直棒极了！也许我们可以一起去？
1752	我周末一直在图书馆做志愿者。从常客那里听到的故事会让你大吃一惊。
1753	昨晚我在卡拉 OK 有了一次最激动人心的经历。你会唱歌吗？有机会我们应该来个二重唱。♪
1754	我最近一直在探索古典音乐的世界。每首曲子都蕴含着深厚的情感。我很乐意与大家分享一些我的最爱。
1755	老兄，我已经开始为这台新游戏机收集卡带了。你玩过吗？
1756	你知道，我每个周末都参加这个编程俱乐部。我们正在制作自己的游戏。很有意思！
1757	最近一直在健身房锻炼，想在夏天练出好身材。你会惊讶于我现在能做多少长俯卧撑！
1758	参加了这个关于日本古代艺术的精彩研讨会。我从未意识到这背后有这么多的历史。
1759	上周末，我第一次尝试了陶艺。很有趣！下次想和我一起去吗？
1760	我一直在读一本推理小说，它的曲折情节让我彻夜难眠。也许我们可以一起读？
1761	我最近在学跳舞。有没有想过学学交际舞或萨尔萨舞？我想找个舞伴。♥
1762	我开始参加市中心的品酒活动。这真的是一门艺术。愿意和我一起参加下一次活动吗？
1763	伙计，你知道，我一直在为融入社会而挣扎。所以我沉浸在自己的爱好里。这样……更安全，我猜是吧？
1764	最近，我总是在深夜里胡思乱想，对人生选择、职业生涯……提出质疑。说实话，这让我不知所措。
1765	你我之间，兄弟，我已经心碎太多次了。也许这就是我一直热衷于体育运动的原因。我想转移自己的注意力。
1766	我最近独自旅行，反思人生。有时候，期望的重担变得有点沉重，你不觉得吗？
1767	在大庭广众之下，我总觉得有点迷失方向，你知道吗？就像我只是褪色的背景。这种感觉我从未摆脱过。
1768	最近，我一直在写日记来处理我的想法。我感觉自己一直在内心和头脑之间挣扎。
1769	虽然有点尴尬 但我有时会感到无比孤独 即使在人群中，也会有一种……空虚感。你有过这种感觉吗？
1770	在学校里，我曾一度感到巨大的压力，我必须做到完美。这让我付出了代价。个人成长是一段漫长的旅程，不是吗？
1771	哦，好吧，我有点喜欢……你知道，戴眼镜的女孩。这有点像我的秘密，嘿嘿。
1772	我的意思是，我不知道这是不是很奇怪，但我觉得智慧真的……很诱人。比如，一个能谈论复杂的数学或物理的女孩？这让我很好奇。
1773	嗯，一个戴着棒球帽的女孩在为她的球队加油？这才叫特别！
1774	我并不经常承认这一点，但优雅具有某种魅力。一个能掌控全场的女人 不是靠她的声音，而是靠她的气场？这是……迷人的。
1775	我……嗯，可能有点偏爱有点……书呆子的男生。看到他们对某件事情充满热情的样子很可爱！
1776	衣冠楚楚的男人有一种魅力 特别是当他沉浸在书中或在研究某个复杂问题时。这就是……吸引力。
1777	咯咯♥，我不能否认，一个有点懵懂的人是很有趣的。就好像你想挑逗他们，并占据主导地位！♥
1778	我认为，自信具有普遍的吸引力。一个男人知道自己的价值，并能进行深层次的对话，这就像是心灵的舞蹈。
1779	呃，酒吧？我不太喜欢。也许我们可以去漫画咖？
1780	我很感谢你的好意，但我有个研究项目……而且，反正我也不怎么喝酒。不过还是谢谢你！
1781	我很想去，但我明天一早要去打棒球。改天？
1782	谢谢你的好意。虽然我通常更喜欢安静的场所，但还是很感谢你。
1783	哦，嗯，我真的不去酒吧……我是说，也许去图书馆什么的？
1784	我不喜欢酒吧。也许下次我们可以去参观博物馆或展览？
1785	咯咯♥，虽然听起来很诱人，但今晚是我的美容之夜。改天再做点别的怎么样？
1786	谢谢，但我今晚有约。我对今后的其他活动持开放态度。
1787	为什么不呢？但我不太喜欢去酒吧，你知道吗？再看看吧。
1788	好吧，我试试看。但我通常不喜欢吵闹的地方，只是提个醒。
1789	当然！不过我得提醒你，我很会喝的。
1790	我通常不喜欢即兴的计划，但是……为什么不呢？带路吧。
1791	嗯，好吧……我好久没去酒吧了。希望不会太挤。
1792	好吧，但你得保证那地方不会太吵。一言为定？
1793	酒吧？好吧，但如果有男人想泡我，你就扮演保镖，明白吗？♥
1794	我很感兴趣。但如果我不喜欢，我保留提前退出的权利。同意吗？
1795	哈哈，当然！好久没放纵了。走吧！
1796	酒吧？听起来是让我从学习中解脱出来的好办法。算我一个！
1797	棒极了！我只是在想，我需要一个美好的夜晚。让我们度过一个难忘的夜晚吧！
1798	不错的选择！我们很高兴能在一起把酒言欢。
1799	真的吗？听起来很有趣！我加入！
1800	打破常规？是的，请吧！我和你一起去。
1801	哦，你知道怎样才能让我心情愉悦！我完全同意！
1802	一个令人愉快的提议！我一直想去一些新地方看看。走吧！
1803	呃，股票？老兄，我只是想让我的遥控车工作而已。不过，我想……你也许应该跟着感觉走？
1804	我一直在研究这些模式，从历史上看，像这样的行业也呈现出类似的趋势。我建议你进行多元化投资，并阅读更多相关书籍。
1805	股市，是吧？我棒球队的朋友在谈论这个……还是上一场比赛的比分？不管怎么说，总是要在栅栏上摇摆！
1806	鉴于当前的经济环境和历史数据，我建议你谨慎行事。也许你现在应该考虑其他投资途径。
1807	哦，我不太懂股票……不过，嗯，也许你应该去问问更有经验的人。
1808	根据目前的算法预测和过去的行为，我建议你分散投资。还有……不，我今晚不来参加社交活动了。
1809	股票？亲爱的，我只知道如果它们涨了，就是好事！咯咯，也许我们可以边喝咖啡边讨论？
1810	从整体角度来看，考虑到社会经济模式，谨慎行事是明智之举。确保尽职尽责。
1811	我在那家玩具公司有几股股份，你知道的，就是有机器人的那家。听说生意不错。
1812	我阅读了一些文章和图表。模式的出现令人着迷，但我不确定市场目前的波动性。
1813	棒球卡可能是目前更好的投资，你觉得呢？我听说铃木的新秀卡卖得很贵。
1814	日经指数是一个有趣的指标，但我们还必须考虑全球事件及其对我们国内市场的连锁反应。
1815	我想我在某个地方有一些股份，也许是那个可爱的服装品牌的？我也许应该查一查。
1816	市场最近的变化耐人寻味。这让我对外国投资的长期影响产生了疑问。
1817	股票真让人困惑！我宁愿投资一个好手提包。据说它和黄金一样好！
1818	多样化和全面分析是关键。不能简单地依赖表面趋势，对市场的深入了解至关重要。
1819	我买了那家有古怪广告的公司的股票。你觉得这是个好主意吗？
1820	看跌形态正在形成，但基本面似乎仍然稳固。艰难的抉择。
1821	股票？兄弟，我只是跟风。我从那家广告词很酷的公司买了一些。
1822	目前，市场情绪和技术指标相互矛盾。对于任何严肃的投资者来说，这都是一个难题。
1823	哦，股票？我想我哥哥提到过一家科技公司……还是纺织品公司？
1824	了解错综复杂的市场动态至关重要。我一直在密切关注蜡烛图形态。
1825	价格时涨时跌，是不是很刺激？我只是希望它能像购物一样有趣！
1826	行业分析揭示了一些价值被低估的瑰宝。不过，市场时机的把握同样至关重要。
1827	听说一家寿司公司有股票。我就想试试！
1828	上次我试图理解股票图表时，我开始阅读一本关于股市的漫画！
1829	买了一家面条公司的股票。股息以面条的形式发送！
1830	我曾经尝试过投资组合多样化。结果买了五种不同类型的方便面。
1831	股票小窍门？当然！如果你的股票跌了，倒点清酒。要么上涨，要么你就不在乎了。
1832	在这个问题上，我不知道我能说什么。
1833	我投资了化妆品股票。当股票下跌时，至少我哭得很好看。
1834	有没有注意到股票代码听起来像一种秘密语言？感觉就像回到了高中时代。
1835	无意冒犯，但我们最近聊得太多了。也许让我们喘口气，好吗？
1836	我很喜欢我们之间的讨论，真的，但我需要一些自己的时间。我们稍后再联系吧？
1837	朋友，我喜欢我们的聚会，但我感觉有点力不从心。要不要休息一下，充充电？
1838	我很重视我们之间的互动，但暂时给我们双方留出一些空间可能对我们都有好处。
1839	嘿，我觉得我们最近聊得太多了。也许我们可以休息一下？希望你能理解。
1840	我很感谢我们最近的谈话，但我想我需要一点私人时间。我们能晚点再聊吗？
1841	你好！我们聊了这么多，我觉得有点忙不过来。介意我们冷静一下吗？
1842	我们之间的广泛交流很有启发性，但我认为，为了谨慎起见，我们还是应该有一个短暂的休整期。
1843	我……嗯，我有一个一直想完成的模型套件。我们能不能，呃，先不说话？我需要点时间。
1844	恕我直言，我最近一直在潜心研究。我们现在最好还是少说话。
1845	嘿，朋友！棒球训练和晚上的比赛让我有点忙不过来。先别聊了，好吗？
1846	我们之间频繁的交流虽然很有启发性，但已经有点过度了。我希望能有一个短暂的休整期，以便专注于我的工作。
1847	不是因为你……我只是……需要一些时间独处，看看书什么的。我们能少说会儿话吗？
1848	我不是针对你，但我们的谈话开始影响我的学习了。休息一下对我们俩都好。
1849	咯咯~我必须承认，像我这样的美人也需要自己的空间。也许我们可以稍微收敛一下？
1850	我们之间的多次对话让我受宠若惊，但适度是关键。让我们稍事休息，好吗？
1851	最近连我晦涩难懂的爱好都比我们的聊天吸引人。我需要喘口气，好吗？
1852	漫画和编程让我忙得不可开交。也许我们最好暂停一下聊天。
1853	恕我直言，棒球季就要开始了，我宁愿看比赛也不想聊天。明白我的意思了吗？
1854	你的坚持让我们的讨论质量黯然失色。等你能贡献出实质性的东西时，我们再重新开会吧。
1855	说实话？即使是和我的猫度过一个安静的夜晚，听起来也比这更有吸引力。也许可以少打电话？
1856	每和你聊一分钟，我就失去了宝贵的学习时间。相信我，我的书更吸引人。
1857	亲爱的，虽然我很喜欢被关注 但我也有自己的底线。让我们保持点神秘感，好吗？
1858	我已经听够了。也许你应该找别人来负担你喋喋不休的唠叨。
1859	现在给谁打电话都太晚了。
1860	我不想对你说教，但你最近好像经常在酒吧喝醉。
1861	我不想对你说教，但你最近好像经常在酒吧喝醉。小心点。
1862	如果一味地用酒精来治疗压力，酒精就会失去作用，压力就会自己出现。也许尝试克服压力的原因会更好？
1863	你喝得太多了，这已经不是第一次了。我们必须对你进行酒精中毒治疗。
1864	你有没有尝过京都的那种小酒？我旅行时在一家小店里找到的。它……与众不同。
1865	你知道吗，我在某处读到过，爱好者们对清酒的最佳饮用温度存在很大争议。我想你可能会感兴趣。
1866	嘿！那么，你觉得两个最好的相扑手之间的掰手腕比赛谁会赢？哦，顺便说一句，最近的棒球比赛太疯狂了！
1867	我最近读了一篇关于日本夜生活对经济影响的分析文章。虽然我相信这不是通常的酒吧聊天话题，但却相当耐人寻味。
1868	这里有点吵，是吧？希望你能听清楚。我……我通常喜欢安静点的地方。
1869	鉴于这里的声学特性，它并不是一个最有利于深入交谈的环境。但是，你知道声音的物理特性是非常迷人的吗？
1870	咯咯，真高兴在这种地方见到你。是来享受氛围的还是受邀而来的？♥
1871	这家店有一种独特的魅力。与我习惯的高档酒廊截然不同。它……令人耳目一新。
1872	那么……听说过用啤酒杯垫玩的小众纸牌游戏吗？我从一个老收藏家那里得到了一套。
1873	我一直在计算飞镖的概率和策略。我们得一起玩。
1874	有没有试过酒后唱卡拉 OK？这才是对男人自信的真正考验！
1875	只需瞥一眼这家酒吧的藏酒，就会不由自主地注意到全球酒类趋势的变化。国际贸易的错综复杂甚至在这里也能体现出来。
1876	我一直很喜欢这里霓虹灯在饮料中闪耀的样子……让一切看起来都那么……梦幻。
1877	对于我们的听力范围来说，这里的环境噪音水平可能并不理想。除此之外，你有没有思考过混合饮料背后的化学反应？
1878	哦，亲爱的，这里不就是时尚的缩影吗？不过，我得承认，这里的灯光对人的肤色有很好的改善作用，你觉得呢？咯咯~♪
1879	这家酒吧的设计融合了传统和现代元素，令人着迷。它巧妙地反映了日本社会文化的演变。你同意吗？
1880	我试着把清酒和可乐混在一起。称之为……错误！
1881	实际上，我曾对各种啤酒的酒精含量做过深入分析。当你深入研究细节时，你会发现令人惊讶的东西。
1882	有没有试过在掰手腕时喝得比别人多？两个比赛，同一个环境！开始吧！
1883	这里的威士忌选择令人印象深刻。每瓶酒都讲述着一个工艺和传统的故事。
1884	我，嗯，有点喜欢这里的氛围。座位很舒适……就像我家里最喜欢的阅读角落。
1885	你知道吗，这里的音响效果非常迷人。我在想，天花板的设计是否是故意为之，以增强谈话效果？
1886	看看舞池！你认为这是我今晚的舞台吗？像我这样的天后应该有观众，对吧？咯咯~♪
1887	这里的爵士乐氛围正变得相当活跃。下周末有一场演出，你应该来看看！
1888	你知道吗，这里的花生让我想起了我的模型火车的沙砾。别问为什么。
1889	你会惊讶于这些鸡尾酒的卡路里含量。我曾经做过一个电子表格。
1890	嘿，你看到屏幕上的比赛了吗？那支球队的战术太疯狂了！
1891	上周，我参加了这个融合了日本传统和现代艺术的艺术展。这是一个充满创造力的有趣时代。
1892	这里的灯光让我想起了我看过的一部电视剧……但我不记得名字了。
1893	最近，我读到一项关于酒吧音乐音量如何影响社交互动的研究。这个地方似乎做对了。
1894	这杯鸡尾酒？亲爱的，和我的衣服很配。风格第一，口味第二！咯咯~♪
1895	这个酒吧有一种独特的氛围，你觉得呢？它在现代和古典之间取得了很好的平衡。
1896	要知道，这里的音乐并不是我的风格，但他们的威士忌酸酒确实很好喝。
1897	你听说过新的啤酒减肥法吗？你减的是天数，而不是体重。
1898	你看过最近的相扑比赛吗？天啊，那些家伙都是巨人！
1899	我必须说，在如此拥挤的地方，这里的音响效果出奇的好。
1900	你有没有觉得这种饮料看起来太……我不知道，对我来说太花哨了？
1901	你听说过鸡尾酒调制背后的数学吗？它……很复杂，但很迷人。
1902	唉，我觉得酒保懂得的魅力可不仅仅是酒，如果你懂我的意思的话。咯咯~♪
1903	这里的气氛如何？相当令人振奋。这里非常适合进行智力对话，你同意吗？
1904	你试过街边新开的弹珠机店吗？我……上次没玩好，不过也许你运气会更好？
1905	你有没有注意到最近电子游戏机厅的蓬勃发展？科技对娱乐业的影响令人着迷。
1906	你是棒球迷吗？我上周看了托米乌里巨人队的比赛——惊心动魄！
1907	现在，这些进口威士忌风靡一时，但我个人认为，本地品牌被低估了。
1908	这条裙子是我在市中心一家新开的精品店买的。这对我来说有点大胆，但我想尝试一下不同的东西。
1909	最近我一直在阅读有关股市对经济影响的文章。这……令人费解。你有什么想法吗？
1910	有人告诉我“威士忌意味着生命之水”。难怪我感觉如此生机勃勃……还是因为气泡？
1911	观察西方文化如何影响我们的夜生活是一件有趣的事情。你出国旅行过吗？
1912	我听说 <inside_comp_name> 即将推出一个成功的项目。我要购买它的股票。
1913	有传言说 <inside_comp_name> 的业绩很差。如果你持有该公司股票，请尽快卖出。
1914	<sector_name>——目前最有利可图的行业。
1915	每个人都把希望寄托在 <sector_name> 上。
1916	<sector_name>……目前正处于困难时期的行业。我并不羡慕投资于该行业的投资者。
1917	嘿，在你我之间，我有一些股票愿意以低于市价的价格出售。
1918	听着，我有 <colich> 股 <nash> 股票要卖。外面的价格是 {cena1}，但你只需 {cena2}。因为你一直是我的好朋友。
1919	喝了几杯之后，我想跟你做笔交易。我有 <colich> 股 <nash> 股票。市场价是 {cena1}，但我以 {cena2} 的价格卖给你，以友谊的名义。
1920	我在重新考虑我的投资组合。我有 <colich> 股 <nash> 股票，它们在市场上的价格是 {cena1}。但我相信你，所以我以 {cena2} 的价格卖给你。只是给朋友的一点心意。
1921	我有 <colich> 股 <nash> 股票要卖。其他人都付 {cena1}，而你呢？你只付 {cena2}。这只是我们友谊的一点小意思。
1922	听着，这是内部消息。现在几乎没有 <nash> 股票可以自由交易了，但我有 <colich> 股。市场上的价格是 {cena1} 但考虑到它们的稀缺性，我必须要价 {cena2}。你在我这里的机会比在其他地方大。
1923	你知道大家都在追捧的 <nash> 股票吗？那些几乎退出市场的股票？我有 <colich>。它们现在值 {cena1}，但它们的稀有性把我的价格推到了 {cena2}。想做这笔交易吗？
1924	在你我之间，市场上的 <nash> 股票几乎枯竭了，但我有 <colich> 股。它们的价格是 {cena1}，但考虑到它们的抢手程度，我的要价是 {cena2}。机会难得。
1925	请注意！那些 <nash> 股票？在市场上几乎绝迹了，但我囤积了 <colich>。市场价是 {cena1}，但我需要 {cena2}。不过，你的报价还是领先的。
1926	一位来自大阪的有影响力的商人想亲自见你。他没有说明原因，但听起来很紧急。要不要安排一下？
1927	商人
1928	最近，我得到了一件古代文物。据说它能给主人带来财运。它不适合我的收藏，但也许你想以 {global.art_price} 的价格拥有它？
1929	你最近总是踩到别人的脚趾。给你个友善的建议，小心背后。也许重新考虑一下你最近的一些决定。
1930	在大阪的地下，有一个不交换金钱，只交换秘密的酒吧。想喝一杯吗？
1931	很好，你不会后悔的！
1932	神秘人
1933	你好 我听说你有一件神秘的文物，据说可以提高投资成功率。你能以 {global.art_price} 的价格把它卖给我吗？
1934	文物
1935	你遭到了袭击！一个神秘人物在小巷里找到了你，还把你打了一顿。这就是那个神秘商人警告你的事吗？现在你在医院里。
1936	你遇到了你的朋友 <fullname2>。
1937	你们聊得很愉快。
1938	你们就股市问题争论不休。
1939	你遇到了 <fullname2> 并进行了愉快的交谈。
1940	你是一个著名金融研讨会的演讲嘉宾。你的真知灼见受到了高度赞扬。
1941	金融研讨会
1942	由于工作时间过长，你的健康出现了小问题。
1943	一家大型财经杂志在一篇文章中错误地引用了你的话，造成了混乱。
1944	税务机关决定对你的账目进行审计。虽然一切正常，但这一过程却增加了你的压力。
1945	挚友
1946	结交一位真正的朋友，友谊等级达到 100。
1947	广结善缘
1948	结交 <need> 名与你的友好度超过 70 的朋友。
1949	干杯！
1950	成功邀请某人去酒吧 <need> 次。
1951	上诉！
1952	打赢任何对自己不利的官司。
1953	远离喧嚣，真正欣赏简单的事物，这感觉真好。
1954	这个地方有着如此丰富的历史。我很感激能有机会体验它。
1955	村里的空气沁人心脾。我明白你为何如此珍视这个地方了。
1956	这里的节奏变化很大。让你思考人生的优先事项。
1957	村里的宁静为思考提供了完美的背景。
1958	仅仅在这里待了一小段时间，我就学到了很多东西。感谢你们与我分享这个地方。
1959	早上好！村里的空气如此清新，不是吗？
1960	昨晚你听到蝉鸣了吗？真让人怀念啊。
1961	我们今天就去探访古道吧。我听说过关于它们的故事。
1962	这个村子充满了宁静的魅力。我很高兴我们一起来到这里。
1963	希望你们和我一样享受这次静修。村里的灵气是神奇的。
1964	这里的茶叶非常棒。想在阳台上一起喝茶吗？
1965	远离城市的喧嚣，不是很好吗？
1966	今晚就是乡村节了。很兴奋能和你们一起体验。
1967	和你在一起，这里的每一个日出都像一场梦。让我们好好把握今天。
1968	和你在一起，被大自然环绕，感觉时间静止了。
1969	我珍惜和你在一起的这些宁静时光，远离尘世。
1970	我一直梦想着这样的时刻，只有我们，迷失在彼此的眼神中。
1971	今晚，村庄的月光似乎只为我们而闪耀。
1972	有你在我身边，聆听村庄夜晚轻柔的声音，感觉就像一首摇篮曲。
1973	和你在一起，被大自然环绕，感觉时间静止了。
1974	收入与支出：
1975	要删除 <global.namesvs> 存档吗？
1976	删除存档
1977	右击鼠标
1978	<global.company_var_name> 公司的股东大会在一片沮丧声中结束。投资者对公司的发展方向和财务业绩表示了极大的担忧。预计股价将大幅下跌。
1979	<global.company_var_name> 公司最近召开的股东大会有许多不尽如人意之处。几位主要投资者表达了对近期发展的担忧。市场可能会做出负面反应。
1980	<global.company_var_name> 公司的股东大会没有大张旗鼓地结束。投资者似乎既没有留下深刻印象，也没有特别关注。股票价格可能会保持稳定。
1981	<global.company_var_name> 公司的股东大会总体上是积极的。投资者对公司近期的大部分行动表示赞同。预计股价将小幅上涨。
1982	<global.company_var_name> 公司最近召开的股东大会受到了热烈欢迎。公司的发展和未来计划引起了投资者的共鸣。股票价格很可能出现健康的飙升。
1983	<global.company_var_name> 公司的股东大会取得圆满成功！投资者对公司的发展轨迹和未来潜力极为乐观。预计股价将应声飙升。
1984	保存中……
1985	公司过去 12 个月的财务业绩：
1986	首席财务官
1987	CEO 发表了讲话，但很多人对他的话不以为然。大厅里回荡着不同的声音。几个大股东明显表达了不满。
1988	CEO 发表讲话后，反响平平。许多股东似乎并不信服，而其他人则在等待更具体的结果。
1989	CEO 发表了讲话，大家纷纷点头，表情淡然。大多数人都没有强烈的感觉。
1990	CEO 发表了讲话，他的信息引起了在场许多人的共鸣。现场不时响起掌声，几位有影响力的股东也发出了明显的赞许声。
1991	CEO 发表了讲话，随后大厅里响起了热烈的掌声。股东们交换着乐观的眼神，掌声热烈而持久。
1992	作为该公司的 CEO，建议你出席会议。
1993	大家都觉得 CEO 不出席会议很奇怪。
1994	员工名单
1995	按友谊等级
1996	按能量等级
1997	按智力等级
1998	按魅力等级
1999	哦，老板。没想到你会打电话来。希望我没惹上麻烦什么的。
2000	祝你有美好的一天。我没想到会接到这个电话。有什么可以帮你的吗？
2001	老板！怎么了？我在看棒球比分。需要什么吗？
2002	啊，是你。我现在有几件事要忙，但我会抽出时间的。什么事？
2003	哦，嗨，老板。我没想到你会给我打电话……我能帮什么忙？
2004	什么事？是你啊。你又想干什么？
2005	你好！我正在梳洗。什么风把你吹来可爱的小姐这了？
2006	晚上好。你的电话在我的日程表上。我们直接谈正事吧。我能帮上什么忙？
2007	呃，你好，老板。你……需要我做什么吗？
2008	你好。我想你是有什么具体事情要讨论吧？
2009	嘿，老板！正在锻炼，有什么事吗？需要提示吗？
2010	你打电话的时间真奇怪。一定有急事。说吧。
2011	你好，先生。我……嗯，今天能为你效劳吗？
2012	是你啊。如果是重要的事，我听着呢。
2013	老板！我怎么会突然接到这个电话？想念我的声音？
2014	你的时机把握一如既往地无懈可击。我如何支援我们今天的目标？
2015	哦，你好。他现在在办公室……你知道的，你的办公室。也许你最好去找他？
2016	他现在就在办公室，在你的领导下工作。直接联系他可能会更有效率。
2017	嘿！他正在你的办公室努力工作呢！给他的办公电话打个电话，他可能会更快接听。
2018	这是他的私人电话。他现在正在你办公室的办公桌前。我建议你直接打到那里与他通话。
2019	你好，她现在不在，她在办公室工作，我是说你的办公室。也许你可以试试她办公室的电话？
2020	她目前正在你的指导下办公。最好直接在那里联系她，而不是通过这条私人热线。
2021	她现在就在你的办公室。试着联系她，她肯定会接的！
2022	她现在正在你的办公室勤奋工作。在那里直接联系她最为合适。
2023	销售主管
2024	品牌经理
2025	销售经理
2026	运营经理
2027	物流协调员
2028	设备经理
2029	供应链分析师
2030	品质控制
2031	研发科学家
2032	产品开发
2033	科学家
2034	人力资源经理
2035	公共关系经理
2036	薪酬专员
2037	审计师
2038	风险管理专家
2039	软件开发人员
2040	IT 项目经理
2041	技能
2042	领导力
2043	活动运营
2044	研发
2045	人事管理
2046	财务
2047	信息技术与系统
2048	无
2049	销售与营销
2050	你打算给公司取什么名字？
2051	公司名称
2052	完成输入
2053	创立公司
2054	与极道有联系
2055	所有权比例
2056	小型企业
2057	中型企业
2058	大型企业
2059	最初目标
2060	起始费用
2061	过高的所有权会吓跑投资者，过低的所有权会让你可能被自己的公司解雇。
2062	冷漠
2063	好奇
2064	兴趣
2065	激动
2066	狂热
2067	预期反应
2068	创建公司
2069	CEO 模式
2070	启动资金
2071	资金不足
2072	输入公司名称
2073	首次公开募股
2074	你想参加首次公开募股吗？这样我们就能率先以较低的价格购买公司股票。
2075	最低投资额为 {global.ip_minimum}。
2076	你没有足够的钱来创办公司。
2077	我们将在 <global.nameme> 上投资多少？
2078	你刚刚收到一封意想不到的信。你的远房亲戚给你留下了一笔可观的遗产。有了这笔意外之财，创办自己的公司这个遥不可及的梦想突然变得触手可及。你深吸一口气，踏入了商业世界。
2079	在一家著名技术公司的企业阶梯上攀爬多年后，你感到窒息，渴望得到更多。一天晚上，灵感来了。你决定走出阴影，创造属于自己的事业。带着积蓄和满腔热情，你开始了自己的创业之旅。
2080	作为股票交易的神童，你总是对数字和趋势了如指掌。一天傍晚，看着城市的天际线，一个念头油然而生……如果你能成为市场本身，为什么还要玩弄市场呢？你从精明的投资中赚到的积蓄，成为了自己创业的种子资金。
2081	取得优异成绩后，人们期待的道路是一份稳定的工作和可预见的生活。但你总是有叛逆的倾向。抛开荣誉和奖项，你拿着助学金，没有出国深造，而是投身创业世界。
2082	一位学生时代的老朋友，如今已是一位成功的企业家，来访小镇。在畅饮和回忆中，他看到了你隐藏的潜力。他问道：“为什么要默默无闻地浪费呢？”第二天，一张支票和一张纸条——“让我看看你有什么本事”——就送到了你的家门口。你的创业之旅就此开始。
2083	一个普通的下午，幸运降临了——你在彩票中赢得了一大笔奖金！在最初的震惊和喜悦之后，你恍然大悟——这可能就是摆脱平庸生活的入场券。从普通人到充满希望的企业家的旅程就此开始。
2084	难得的机遇
2085	<global.nameme> 的首次公开募股悄然进入市场，几乎没有引起任何反响。悄无声息地进入市场，潜力尚未发掘。
2086	<global.nameme> 上市了。嗡嗡声中，目光注视，旅程开始。
2087	<global.nameme> 的首次公开募股掀起了波澜。虽未掀起风暴，但已泛起涟漪。投资者请注意。
2088	<global.nameme> 的大胆尝试。市场骚动，股票攀升。期待不断升温。
2089	<global.nameme> 的首次公开募股在市场上掀起风暴！万众瞩目，金融奇观！
2090	总部
2091	营运部
2092	销售与市场营销部
2093	研发部
2094	人力资源部
2095	财务部
2096	信息技术与系统部
2097	总部是决策中心，行政领导层在这里制定战略计划，做出关键决策，并监督公司的整体业绩。
2098	营运部确保日常活动的无缝运行，优化流程，提高效率、质量和成本效益，以满足客户需求。
2099	销售与市场营销部的任务是推广品牌和创造收入，通过创新战略提高知名度并推动客户参与。
2100	研发部的工作重点是创新、开发新产品和改进现有产品，以保持公司的竞争力和领先地位。
2101	人力资源部（HR）以员工管理为中心，从招聘、培训到福利，确保员工队伍积极向上，并得到良好的支持。
2102	财务部负责管理公司的财务资源、预算编制和投资，确保财政健康和可持续发展。
2103	信息技术与系统部提供最新技术，确保为所有组织活动提供最佳性能、安全性和支持。
2104	效率
2105	日安！如果你尊敬的 <kuda_name> 正在寻找一位拥有无限热情和令人印象深刻的古董漫画收藏的男士，请不要再找了！
2106	大家好，我是一名 PhD 级的智者，虽然我的社交能力……可以说是“有待提高”，但我的天才可以弥补这一点！
2107	嘿，<kuda_name>团队！如果你正在寻找具有“创意”会计魅力的人才，那你就中大奖了。
2108	尊敬的同事们，我的头脑和魅力都从 10 分提升到了 11 分。很高兴有可能把 <kuda_name> 作为我新的职业家园！
2109	你好！想象一下，一个像图书馆一样安静，但又像海狸一样高效的团队成员。这就是我，很高兴能加入 <kuda_name>！
2110	你好 <kuda_name>，在二进制世界里，我是许多“0”中的“1”。随时准备编程、计算，偶尔也煮煮咖啡。
2111	你好！如果 <kuda_name> 已经准备好迸发创意和展现天后风采，那么宇宙已经回应了你的祈祷！
2112	我的魅力可与山口百惠媲美，我的精神与东京的夜生活一样充满活力，我是 <kuda_name> 所需要的新鲜空气！
2113	我想表达我对 <kuda_name> 职位的浓厚兴趣。我的热情虽然并不总是以传统的方式体现出来，但它植根于我对职业旅程的深刻承诺。
2114	亲爱的 <kuda_name> 团队，我在数据分析和问题解决方面的专业知识符合贵公司的需求，我渴望为贵公司做出贡献。
2115	你们好！我很高兴能加入 <kuda_name>。我朝气蓬勃，亲力亲为，这一切都将为团队增添活力。
2116	我申请将我的经验和独到的战略规划技能带到 <kuda_name>，我相信我的贡献将推动创新和增长。
2117	我有兴趣应聘 <kuda_name>，我相信自己勤奋而不失稳重的性格可以为团队带来积极的活力。
2118	对于尊敬的 <kuda_name> 团队，我的技术和分析能力随时恭候你的大驾，随时准备在你的运营中推动创新和效率。
2119	日安，加入 <kuda_name> 这个充满活力的团队的前景令我兴奋不已。我生动活泼的性格和富有创造力的工作方法将为我留下难忘的印记。
2120	我热切希望能为 <kuda_name> 做出贡献，我拥有精湛的技能、分析能力和领导力，这些都是通过优异的学业成绩和课外活动磨练出来的。
2121	我热切希望加入 <kuda_name>。我对工作兢兢业业，充满热情，同时我也愿意不断学习，在专业上不断成长。
2122	我写信申请 <kuda_name> 的职位。我有很强的分析能力和对细节的关注，我相信我有能力为贵团队做出有效贡献。
2123	我很高兴有机会成为 <kuda_name> 的一员。我有热情和强烈的事业心，并有在团队环境中工作的经验。
2124	我有兴趣在 <kuda_name> 探索工作机会。我的经验，加上我先进的分析和领导技能，使我能够为贵公司做出有价值的贡献。
2125	我写信来表达我对 <kuda_name> 公司现有职位的兴趣。我是一个勤奋的人，虽然我可能比较沉默寡言，但我会全力以赴为团队的成功做出贡献。
2126	我申请这一空缺职位，相信我的分析能力和技术专长能够为实现我们的共同目标做出贡献。
2127	我最近在 <kuda_name> 遇到了一个令人兴奋的机会。我充满活力和创造力，一定能为充满活力的工作环境做出贡献。
2128	我对加入 <kuda_name> 表示浓厚的兴趣。我的学术成就和领导经验使我具备了解决问题和战略规划的重要技能。
2129	你好……我注意到 <kuda_name> 有职位空缺。我不是最有经验的，但我很热心，而且我收集了一些稀有邮票。我能申请吗？
2130	我得知 <kuda_name> 有一个职位空缺。我的技术能力很强，但社交不是我的强项。我可以在智力方面做出贡献。
2131	你们好！听说 <kuda_name> 是个好地方！我不是书呆子，但我是每场派对的主角，对所有棒球数据都了如指掌。我能加入吗？
2132	我对 <kuda_name> 的前景很感兴趣。我的资历是一流的，我的成就不言而喻。我相信双方的合作会互惠互利。
2133	你好，我看到了 <kuda_name> 的招聘启事。我很害羞，也不是天才，但我很努力。我能胜任吗？
2134	你好。我精通自己的技术领域，但不太擅长社交场合。我相信我的技能符合 <kuda_name> 的目标。
2135	咯咯，我听说 <kuda_name> 在招人。以我的优雅和魅力，我可以为团队带来优雅的气息。我们可以开始了吗？
2136	我正在考虑 <kuda_name> 的职位。我的学术和社会成就使我成为本领域的佼佼者。我愿意就如何做出贡献进行讨论。
2137	你不会后悔的！
2138	开始工作吧！
2139	谢谢老板！
2140	收集稀奇古怪的新奇物品。
2141	喜欢制作模型飞机。
2142	喜欢独自玩棋盘游戏。
2143	时尚感有问题。
2144	自豪地穿着不配套的袜子。
2145	制作复杂的拼图模型。
2146	收藏了许多古怪的复古帽子。
2147	收集经典漫画。
2148	经常逛商场，但得分总是最低。
2149	在修剪盆景中找到慰藉。
2150	拥有一套古怪的机器人玩具收藏。
2151	老爷车修复爱好者。
2152	无声电影爱好者。
2153	以逛古董店闻名。
2154	古钱币收藏家。
2155	经常光顾古色古香的小咖啡馆。
2156	收集勺子，认为它们“被低估了”。
2157	以阅读字典为乐。
2158	“猫斯拉是我的灵魂动物。”
2159	“那些漫画……他们的世界，我的避难所。”
2160	“我把地下室变成了堡垒……为了战略性的孤独！”
2161	阅读编程书籍。
2162	利用周末时间编写小游戏。
2163	周末狂看动漫。
2164	拥有每款古姆丹车型。
2165	喜欢破解复杂的算法。
2166	对 70 年代的动画片了如指掌。
2167	天文学爱好者。
2168	拥有一本小众科幻杂志的每一期。
2169	无线电爱好者，以解码信号为乐。
2170	喜欢黑白电影。
2171	推理小说迷。
2172	在几分钟内还原魔方。
2173	夜观星象，日逛书店。
2174	知道圆周率前 100 位数，却记不住自己的电话号码。
2175	制作火箭模型，但还没有飞起来过。
2176	拥有折纸黑带。
2177	拥有“尴尬沉默”博士学位。
2178	用工具包制作了自己的第一台收音机，现在仍在收听技术讲座。
2179	“在书中，我穿越了银河系；在现实中，我还在努力离开我的房间。”
2180	“我在寂静的书房和书籍中找到了慰藉。”
2181	“我计算出了我输过的每一盘棋的精确获胜策略。”
2182	总是在健身房或看棒球比赛。
2183	从不缺席相扑比赛。
2184	卡拉 OK 之王。
2185	尝试复刻烹饪节目中的食谱，效果不佳。
2186	热衷于街头赛车，但从未赢过。
2187	击球笼的常客。
2188	无法抗拒好的拉面店。
2189	收藏的棒球帽越来越多。
2190	对诗歌情有独钟。
2191	环球旅行者。
2192	铁杆棒球迷。
2193	经常可以在当地的游戏机厅里找到。
2194	足球爱好者。
2195	当地一家电台的周末 DJ。
2196	有一次在棒球赛上吃了 20 个热狗，至今仍引以为豪。
2197	声称他发明了一种新的棒球投法。
2198	认为足球是一种个性特征。
2199	相信俯卧撑能包治百病。
2200	“给我一个球和一块地，我就给你变个魔术。”
2201	“在每一个欢呼的人群中，都有我书写的胜利故事。”
2202	“有一次打出全垒打，不小心打碎了一扇窗户，但观众很喜欢！”
2203	喜欢下棋和读诗。
2204	阅读哲学。
2205	葡萄酒俱乐部成员。
2206	参观艺术画廊。
2207	拥有各种黑胶唱片。
2208	欣赏陈年威士忌。
2209	拥有一个初版小说图书馆。
2210	将棋大师。
2211	他的家是经典艺术品的圣地。
2212	喜欢书法。
2213	对历史文物有浓厚的兴趣。
2214	精通五种语言；有时会同时讲五种语言。
2215	喜欢美食和古典音乐。
2216	会拉小提琴。
2217	相信他的猫 Whiskers 先生是个商业奇才。
2218	18 岁时以不败战绩退出国际象棋生涯。
2219	能解复杂方程，但仍在数手指。
2220	有在还原魔方的同时做数独的多任务处理能力。
2221	“我计算生活中的问题就像下将棋一样，永远领先三步。”
2222	“在数字和理论的复杂舞蹈中，我找到了自己的节奏。”
2223	“效率和精确是我的中间名。我将成功简化。”
2224	喜欢编织。
2225	在水彩画中寻找慰藉。
2226	喜欢阅读安静舒适的侦探小说。
2227	喜欢老式浪漫电影。
2228	暗地里喜欢武士动作片。
2229	盆景鉴赏家。
2230	喜欢在公园里静静地散步。
2231	木偶剧的忠实粉丝。
2232	有一个美丽的锦鲤池塘。
2233	享受宁静的月夜。
2234	对流浪猫心存怜悯。
2235	喜欢园艺。
2236	社区读书俱乐部成员。
2237	每个周末都为她的毛绒玩具举办茶话会。
2238	痴迷于室内植物，却无法养活任何植物。
2239	收集油漆样品，但从不涂刷。
2240	黑暗料理专家。
2241	业余时间喜欢数天花板上的瓷砖。
2242	“图书馆的寂静？让我如沐春风。”
2243	“在花园里，在我的花丛中，我找到了慰藉。”
2244	“我给猫织毛衣……而且我是数据分析的奇才。”
2245	数独大师。
2246	数学奇才。
2247	热爱科幻。
2248	拥有观星望远镜。
2249	闲暇时间喜欢看星星和漫画。
2250	晚上阅读科幻小说。
2251	国际象棋俱乐部冠军。
2252	编写小游戏。
2253	演歌的忠实粉丝。
2254	科幻小说收藏家。
2255	对传统茶道情有独钟。
2256	经常去当地图书馆。
2257	在安静、风景优美的地方寻找慰藉。
2258	认为高跟鞋是个阴谋，什么时候都穿运动鞋。
2259	机器人级别的天才；烤面包机级别的社交能力。
2260	阅读哲学，试图在茶余饭后解开人生之谜。
2261	在城市灯光下的午夜漫步中找到慰藉。
2262	沉浸在周刊漫画的世界中。
2263	“天文望远镜揭开了遥远星系的神秘面纱，但人类仍然是个谜。”
2264	“数学竞赛是我的乐园，方程式是我的玩伴。”
2265	“我可能会害羞，但我的科学展奖杯不会。”
2266	喜欢水疗和时装秀。
2267	在原宿总能看到她的身影。
2268	有一抽屉的红色口红。
2269	完美无瑕地演唱流行歌曲。
2270	自诩为时尚偶像。
2271	爱吃麻糬，是出了名的嗜甜如命。
2272	每场流行音乐会都坐前排。
2273	沉迷于抓娃娃机。
2274	活泼的舞者。
2275	周末会去寻找最时尚的时装店。
2276	在夜场很受欢迎。
2277	意外的能剧迷。
2278	以时尚潮流著称。
2279	交际花。
2280	高跟鞋与魅力。
2281	衣橱里装满了华丽的礼服，却只穿运动裤。
2282	制作手工珠宝，相信每一件珠宝都有一个故事。
2283	我梦想成为偶像。
2284	“每一面镜子都是一个舞台，每一次反射都是一场表演。”
2285	“生活就像T台，亲爱的，而我负责领衔。”
2286	“我是舞会皇后……还是辩论社社长。”
2287	领导一个读书俱乐部。
2288	报名参加书法班。
2289	动物收容所的志愿者。
2290	技艺精湛的钢琴家。
2291	拥有一套精致的茶具收藏。
2292	精通三门语言。
2293	经常去爵士俱乐部。
2294	接受过插花培训。
2295	在诗歌比赛中拥有诱人而神秘的光环。
2296	酷爱国际象棋。
2297	优雅而神秘。
2298	热衷于传统插花。
2299	欣赏交响乐。
2300	散发出优雅的气质。
2301	喜欢古典文学。
2302	每天读一本书；认为电视是“过眼云烟”。
2303	智商爆表，泡茶技术却不怎么样。
2304	辩论冠军，每天早上与闹钟争论不休。
2305	“每一个方程式，都是一段旋律。每一个定理，都是一首十四行诗。”
2306	“思想的交响乐，每一个想法都是杰作。”
2307	“班级第一，学生会主席，天生的领导者——这就是我。”
2308	精度
2309	按精度等级
2310	经验
2311	致电家中
2312	致电办公室
2313	<fullname> 当前不在工作场所。请在工作日再试一次。
2314	老板，你找我？
2315	你好。我接到了你的电话。请问有什么可以帮助你优化我们的运营效率？
2316	嘿，老板！你按铃了？
2317	大家下午好。我来这里是为了解决你们所关心的问题并探讨你们所希望获得的机会。
2318	不好意思，你找我？
2319	下午好。你想谈点什么吗？
2320	好了，我到了，一如既往地光彩照人！怎么样？
2321	下午好。我们可以开始讨论手头的问题了吗？
2322	老板好。你需要我吗？
2323	你来电话了，老板？如果需要，我有最新的数据见解。
2324	你好，长官！今天有什么事吗？
2325	下午。准备就绪。
2326	我，嗯，尽快赶到。
2327	下午好。准备好全面更新了吗？
2328	亲爱的老板，想我了吗？
2329	下午好。渴望合作，共创下一个成功。
2330	重新分配
2331	终止
2332	好的，我，呃，我等着你的下一步指示，老板。
2333	赞成。等待进一步指示。
2334	收到，老板！很想知道你下一步会把我安排在哪里！
2335	明白。我随时待命，等待你的下一步战略行动。
2336	好吧……我就等着下一步该怎么做……
2337	确认。等待下一个任务。
2338	知道了，亲爱的！迫不及待想知道你下一步需要我去哪儿了！
2339	已确认。我为下一章做好了准备。
2340	好的，嗯，随时待命，老板。
2341	已注意到。我将等待后续指示。
2342	没问题，长官！只要你一声令下，我就去！
2343	当然。我会为下一步做好准备。
2344	哦，好吧……我会，嗯，准备好的……
2345	明白。等待新指令。
2346	没问题，甜心！我洗耳恭听下一个大计划！
2347	当然。热切期待我们的下一次冒险。
2348	你真的想让我走？
2349	这是最终决定吗？
2350	那么，我的路到此为止了吗？
2351	确认，终止合同吗？
2352	你……你确定吗？
2353	这是不可逆转的吗？
2354	亲爱的，这是真的吗？！
2355	这是我们最后的交流吗？
2356	哦，嗯，那好吧。我想我会收拾好我的东西……
2357	明白。我马上开始交接工作。
2358	真扫兴！每个结局都是新的开始，不是吗？
2359	我尊重你的决定。在这里工作是我的荣幸。
2360	哦……好吧。那我去收拾桌子。
2361	我明白了。我会收拾好自己的东西，马上离开。
2362	真遗憾，但生活还得继续，亲爱的！
2363	一个令人遗憾的决定，但我理解。永别了。
2364	那，就这样了，嗯？
2365	就这样，我被解雇了？
2366	就这样被开除了？
2367	你要终止我的合同吗？
2368	我就这样被解雇了？
2369	我的解雇得到确认了吗？
2370	开玩笑吧。你真的想解雇我？
2371	这是正式解雇吗？
2372	哇，好吧……没想到会这样。那我收拾一下。
2373	我必须说，这很出人意料。非常好。
2374	哎哟，这很伤人。好了，再见吧。
2375	多专业啊。老实说，我还以为会得到更多的尊重。
2376	我……明白了。我没想到会这样。
2377	真不敢相信。好吧，我先走了。
2378	你是认真的？这……出乎意料。
2379	这太令人失望了。我以为这支团队会更好。
2380	真的吗？呼，我还以为我完蛋了！
2381	谢谢你重新考虑。我会集中精力改进的。
2382	太好了！你说得我满头大汗！
2383	我很高兴能有机会再做贡献。
2384	哦，天哪，谢谢你！我保证会做得更好。
2385	我很感谢第二次机会。
2386	就知道你会忍不住把我留在身边！
2387	很好的选择。让我们继续共创辉煌。
2388	没想到你会改变主意……谢谢你，我想。
2389	缓刑？我承认，我很惊讶。
2390	从边缘回来了！我还以为我死定了！
2391	明智的重新考虑。我相信这不会是徒劳的。
2392	那么，还有机会吗？谢谢。
2393	第二次机会，嗯？我没想到会这样。
2394	我就知道你在耍我！
2395	有意思……看来我低估了你。
2396	表扬并发放奖金
2397	哇，奖金？你确定这是给我的？这……哇，谢谢！
2398	感谢你的认可。感谢你的奖金。
2399	嘿，奖金！你真会让人觉得自己很特别！
2400	我必须说，这笔奖金是对我的充分肯定。谢谢你。
2401	哦，嗯，奖金？给我的？非常感谢！
2402	奖金是一种值得赞赏的姿态。感谢你认可我的努力。
2403	哦，天哪，奖金！真是太高兴了！谢谢你，亲爱的！
2404	这笔奖金是你卓越领导力的最好证明。谢谢。
2405	我没想到会有额外的报酬。这太棒了，谢谢你！
2406	我的工作又多了一笔钱……感谢你的认可。
2407	奖金？你刚刚让我开心了一天！不，是一周！非常感谢！
2408	奖金总是令人惊喜的。感谢你的认可。
2409	你给我额外的？我……我不知道该说什么。谢谢！
2410	我注意到这一额外补偿，并对此表示感谢。谢谢。
2411	额外的现金？你太好了！我真想抱抱你！
2412	我对这笔奖金感到欣慰和荣幸。你的慷慨是无止境的。
2413	员工幸福感
2414	薪水
2415	薪水等级满意度
2416	按幸福等级
2417	你今天已经打过电话了。别烦人了。
2418	训斥
2419	提升
2420	休假
2421	培训
2422	对不起，老板……我会尽量不再搞砸……
2423	我了解这些问题，并将立即予以解决，先生。
2424	哦，小差错，是吧？没什么大不了的，老板，我会解决的！
2425	我承担全部责任，并保证立即纠正。
2426	哦，我……真的很抱歉，我会更加努力的……
2427	我已经更正了错误。以后不再重犯。
2428	哎呀！人无完人，对吧？我会改正的，我保证！
2429	我将尽快纠正这一错误。请原谅我的疏忽。
2430	真的吗？我在这里做了这么多，就得到这样的感谢？
2431	我精心计算了每一步。这不公平！
2432	得了吧！我对这份工作倾注了全部心血！
2433	我必须抗议这种无端的批评。
2434	我这么努力，你就这样对待我？
2435	每一个公式，每一个等式都被反复检查。这是一种侮辱！
2436	我不会犯错的，亲爱的。也许你搞错了？
2437	你说什么？我的作品一直都是最高标准的！
2438	真的吗？我……谢谢你。我没想到……
2439	一个休息和反思的机会。谢谢。
2440	你是最棒的，老板！我去收拾行李！
2441	感谢你的考虑。现在是振兴的黄金时期。
2442	度假？给我的？谢，谢谢你的好意……
2443	休息对提高效率至关重要。感谢你的理解。
2444	哦，亲爱的，你让我今天过得很开心！兴奋过头了！
2445	适时的间歇，为即将到来的胜利充电。感恩。
2446	培训？我希望我能跟上其他人的步伐……
2447	这是我扩展知识的绝佳机会。我很感激。
2448	学习时间！也许我最终会搞清楚自己到底在做什么，哈哈！
2449	这是一个提高我专业知识的机会。非常感谢。
2450	还要学习？我会……我会尽力不让你失望……
2451	我珍惜每一次学习机会。谢谢你。
2452	新技能？亲爱的，准备好大吃一惊吧！
2453	每一次学习机会都是向完美迈出的一步。永远感恩。
2454	我们教不了 <global.humannam> 任何东西了。
2455	<global.humannam> 现在没有精力学习。
2456	我们可以扩大 <name> 部门。这将花费我们 {priceviddil} 的成本。
2457	我们的部门已经成功扩大！现在我们还需要一个管理职位。
2458	我在想，也许是时候休息一下了……对我来说？你觉得呢？
2459	我积攒了一些假期，想用来进行个人学习。
2460	老板，我想去看棒球决赛。能请个假吗？
2461	我需要休假，以恢复和优化我的工作效率。
2462	我……嗯，想请几天假，可以吗？
2463	我需要请学术假。
2464	亲爱的，我需要休息，需要一点阳光和新鲜空气！
2465	我正在考虑短暂的休整，以重新调整和加强我的注意力。
2466	哦，真的吗？谢谢！我保证我不在的时候不会弄得一团糟！
2467	已确认。我将确保在我不在的情况下管理好我的职责。
2468	你是最棒的，老板！等不及要去海滩了！
2469	感谢你的理解。这次休息将优化我之后的表现。
2470	太谢谢你了！我会给你带点纪念品的！
2471	非常感谢。我将利用这段时间丰富自己的知识。
2472	你真是个天使！我已经能感觉到阳光了！
2473	感激之情溢于言表。这次缓刑将扩大我今后的贡献。
2474	呃，好吧……是我说错了什么吗？我可以留下，没什么大不了的。
2475	明白。我会相应推迟我的计划。
2476	哦，来吧，老板！海浪在呼唤我的名字！
2477	虽然令人失望，但我尊重你的决定，并将推迟我的计划。
2478	哦，好吧。下次吧？
2479	虽然我仍然需要恢复智力活力，但我还是服从了。
2480	取消？但是亲爱的，我已经选好泳衣了！
2481	我们尊重你的决定，但显然仍有必要休会。
2482	啊，嗨。那么，我来这里有一段时间了，我希望我们能，你知道的，谈谈我的薪水问题。
2483	我的贡献很大。调整工资以反映这一点是合理的。
2484	你知道这里就是我的生命，多给我一点薪水怎么样？
2485	考虑到我的贡献，应该重新评估我的工资。
2486	我在想，嗯，我的薪水是否可以考虑一下？
2487	有必要重新评估我的报酬。
2488	女孩都有需求，而且不便宜。涨工资？
2489	有必要对薪酬进行审查，以反映我的贡献。
2490	哦，真的吗？谢谢！我保证会努力做到物有所值。
2491	谢谢。感谢你的公正。
2492	你是冠军，老大！第一轮我请！
2493	非常好。感谢你的认可。
2494	哦，太谢谢你了！我保证会更加努力的。
2495	你的同意是合乎逻辑的，我对此表示赞赏。
2496	你太好了！疯狂购物，我来了！
2497	我注意到并感谢你的同意。
2498	这也太小气了吧？
2499	要知道，目光短浅可不是什么美德。
2500	真残酷，老板。
2501	你缺乏远见……令人失望。
2502	那……好吧，我想。
2503	我没有意识到我的价值会被低估。
2504	那么，我们是不是很节俭？
2505	这是一个令人遗憾的决定，表明了更广泛的组织性近视。
2506	这里……呃，很有趣，但我找到了另一份工作。不是你的错，而是我的。其实也有一点是你的。
2507	我在其他地方获得了一个研究职位。我相信这是我职业生涯的一个合理步骤。
2508	朋友，我有机会成为职业球员！棒球，不是办公球，哈哈！我不玩了。
2509	一个符合我职业轨迹的机会出现了。是时候转型了。
2510	我发现了一些……不同的东西。所以我要走了。对不起。
2511	我正在过渡到一个更符合我的技能和抱负的岗位。
2512	亲爱的，有好戏看了！不能错过这个机会。当当！
2513	一所令人尊敬的大学向我发出了录取通知书。这与我的愿望不谋而合。
2514	我不能再这样下去了。太难受了，连我家里的植物都枯萎了。
2515	这里的智力刺激不够，工作量也不合逻辑。我要辞职。
2516	天啊，这地方真烦人。我支持努力工作，但这？我受够了。
2517	这里的低效率和缺乏创新令人窒息。我必须离开这里。
2518	这个地方只是……我受不了了。对不起，我要走了。
2519	这样的环境让人窒息。我要辞职。
2520	这地方有毒。连我的皮肤都开始过敏了！我走了。
2521	这里缺乏创新和压抑的工作量会适得其反。我辞职。
2522	支付薪水
2523	我们可以建立 <name> 部门。这将花费我们 {priceviddil}。
2524	建立部门
2525	该部门已建成!
2526	这将使我们能够扩大自己的生产规模，提高产品质量。
2527	这将有助于我们监测工人的状况。
2528	这一改进有助于更好地控制我们的股票价格。
2529	这将有助于我们推广产品和发展品牌声望的工作。
2530	我们将有能力开展自己的研究，创造尖端技术。
2531	我们将能够利用先进技术来发展我们的公司。
2532	员工智力对本部门的增益等级。
2533	员工精度对本部门的增益等级。
2534	员工魅力对本部门的增益等级。
2535	我们公司已经发展壮大，需要发展人力资源部门。这样我们才能更好地管理员工。
2536	我们的产量不够。是时候扩大我们的运营部门了。
2537	我们的公司可以更先进。也许我们应该扩大研究部门？
2538	我们的产品缺乏广告宣传。我们需要发展营销部门。
2539	我们越来越难以掌握市场形势。我们需要发展我们的财务部门。
2540	加速
2541	部门
2542	查看候选人
2543	期望工资
2544	雇用
2545	拒绝
2546	高级市场调研
2547	深入了解客户偏好和市场趋势，推动未来的产品开发和营销战略。
2548	不可用
2549	需要营销部门。
2550	需要业务部门。
2551	需要人力资源部门。
2552	需要研发部门。
2553	需要运营和研发部门。
2554	需要财务部门。
2555	交谈
2556	我们要谈什么？
2557	提供工作
2558	对不起，但我的工作终于稳定了。不能冒险，你知道吗？
2559	谢谢，但我现在的工作确实能满足我的智力需求。
2560	不，伙计，我的工作很酷。我可以免费看棒球比赛！
2561	遗憾的是，我必须拒绝。我目前的项目太重要了。
2562	哦，那很好，不过我……嗯，我对我现在的工作没意见。
2563	你的提议我很感激，但我对目前的职位很有成就感。
2564	哦，亲爱的，我的工作已经很棒了。谢谢你还想着我！
2565	谢谢你，但我要履行我目前的职责。他们需要我。
2566	我很感激，但是……你确定你能管理好一家公司吗？我还是算了吧。
2567	老实说，我不相信你的计划在……逻辑上是正确的。我必须拒绝。
2568	伙计，开公司？你总是在做疯狂的事。我在这里很好。
2569	鉴于你的商业头脑，我仍然持怀疑态度。因此，我不能接受。
2570	我真的不确定……这是件大事，我不知道你是否能……对不起！
2571	我很怀疑你的业务能力。无意冒犯，但我还是算了吧。
2572	做生意？很可爱，但我觉得你做不来。我说不行。
2573	我看过你的成果。不错，但还没达到我的水平。所以，不行。
2574	反正我的工作也很累。我想干点新鲜事。我们开始吧！
2575	我现在的工作已经没有挑战性了。我对你的提议很感兴趣。
2576	开什么玩笑？我的工作太无聊了。让我们改变一下吧！
2577	一个在新环境中发挥我的技能的机会？很有意思。我接受。
2578	我想，尝试一些新事物可能是件好事……好，我加入。
2579	我目前的工作很平凡。你的提议听起来是一个必要的改变。
2580	这份工作？无聊透顶。你的提议呢？令人兴奋！就这么办！
2581	我一直在寻找挑战。你的提议很有希望。好啊。
2582	和你一起工作？听起来很不错！算我一个！
2583	和你一起工作会是个有趣的改变。我接受。
2584	一起工作，然后一起喝酒？这才对嘛！我加入！
2585	能有机会与你这样的智者合作，我无法抗拒。我同意。
2586	和你一起工作？听起来真……不错。好的，谢谢。
2587	和你一起工作？那可能会很有趣。我同意。
2588	一起工作？听起来像做梦一样。交给你了！
2589	和你这样有能力的人结盟？我同意！
2590	意想不到的对话
2591	公司运营顺利。
2592	举办冷静会议，以提高你的评级和公司对投资者的吸引力。
2593	冷静会议更有效。
2594	免于被解雇，成为公司的负责人。
2595	提高效率的能力。
2596	扩建生产设施的成本降低 30%。
2597	扩大生产设施不会失败。
2598	公司发展加速。
2599	高级营销活动能力。
2600	高级营销活动的成本降低 30%。
2601	高级营销活动不会失败。
2602	品牌知名度超过 80%，投资者的炒作热情就会增加。
2603	在研发部门发明新产品。
2604	每月研发点数增加 30%。
2605	创造新一代产品的能力。
2606	即使公司亏损，研发点数也会略有积累。
2607	所有员工都能立即获得奖金。
2608	员工自主管理休假，替补人员为其工作效率的 50%。
2609	更多的月度候选人；大量奖金总是能让员工满意。
2610	当工作能量超过 70% 时，员工会自动训练。
2611	能够进行专利组合扩展研究。
2612	专利组合扩展成本降低 30%。
2613	提高效率的成本降低 30%。
2614	节省的资金使储备金补充增加了 30%。
2615	每天积累研发点数。
2616	远程工作：一些员工可以远程工作，替补休假的员工（效率 +50%）。
2617	公司中所有智力超过 70 的角色都会积累额外的每日研发点数。
2618	所有研发研究过程都得到了加快。
2619	冷静会议
2620	冷静会议是我们在坎坷时期安抚投资者的方式。我们陈述事实，分享成就，讨论未来计划，以树立信心，调整我们的愿景。
2621	每年一次
2622	总部的运作效率至少应达到其潜在效率的 40%。
2623	你们今年已经举办了这样的活动。
2624	好了，我要开始给投资者打电话了。
2625	你想立即举办这次活动吗？
2626	尽管我们在冷静会议期间做出了努力，但投资者仍对公司的发展轨迹持怀疑态度。
2627	与投资者的冷静会议富有成效。虽然他们表达了一些担忧，但他们愿意看看我们提出的战略是如何展开的。
2628	冷静会议取得圆满成功！投资者对我们的未来计划充满信心和热情。
2629	警报！董事会中有人窃窃私语，对你的领导能力表示担忧。他们正在考虑更换管理层。解决这个问题并证明自己的能力至关重要。
2630	警报！董事会对你的领导能力感到不安。然而，作为主要利益相关者，任何反对你的举动都会对股票价值和公司声望造成负面影响。请谨慎行事，考虑解决他们的担忧。
2631	经过深思熟虑并对你的表现进行审查后，董事会一致决定解除你的公司首席执行官职务。我们感谢你的服务，并祝愿你在未来的工作中一切顺利。
2632	我们一直在密切关注公司的发展轨迹，遗憾的是，我们越来越担心公司在你领导下的发展方向。我们恳请你考虑辞去董事职务。请为我们共同的未来考虑。
2633	我们感谢你的理解和以公司利益为重的意愿。这充分体现了你的专业精神和奉献精神。我们向你保证，我们将顺利进行过渡，并将坚持我们尊敬的组织的价值观。
2634	尽管我们明确表达了关切，但你还是决定坚持自己的立场，这既令人失望，也令人担忧。请记住，衡量一个领导者的实力，往往不是看他是否固执己见，而是看他是否能够意识到什么时候需要改变。我已经警告过你了。
2635	你的方向正在危及我们公司的未来。请重新考虑你的选择。
2636	这不是一场游戏。这关系到我们的生计。
2637	你的固执不是领导力，而是自大。请注意我们的警告。
2638	每一个错误的决定都会破坏我们对你的信任，即使你持有大部分股份。
2639	你的股份不会给你免费通行证。你必须承担责任。
2640	你拒绝下台，让我们损失了利润和声望。
2641	董事会的耐心不是无止境的。趁为时未晚，赶紧改弦更张吧。
2642	如果你不听董事会的意见，也许是时候听听股价下跌的声音了。
2643	曾经欣欣向荣的 <global.namemycomp> 现在正处于危机的边缘。内部人士指出，<global.mame> 的领导是公司衰落的主要原因。
2644	<global.namemycomp> 的股东正处于动荡之中。随着股价持续下跌，<global.myname> 是否继续掌舵的问题日益受到关注。
2645	由于 <global.namemycomp> 的未来似乎越来越不确定，东京的行业分析师们对 <global.myname> 坚守领导地位的决定感到疑惑。
2646	投资者对 <global.namemycomp> 的警惕性越来越高，因为 <global.myname> 即使在公司明显衰落的情况下仍在继续掌权。
2647	在 <global.myname> 任职期间，<global.namemycomp> 的业绩急剧下滑，这让投资者和员工都对公司的发展方向深感忧虑。
2648	新产品开发
2649	创造新产品，增加收入，提高品牌知名度。
2650	我们最近推出的产品并没有达到我们的预期。尽管我们做出了努力，但客户的反应并不热烈，销售额也低于预期。
2651	产品发布会如期举行。虽然我们没有超额完成目标，但与最初的估计相符。市场兴趣稳定，销售额符合我们的预测。
2652	好消息！我们的产品发布超出了所有预期！客户的反馈非常积极，销售额也超过了我们最初的预测。我们正在市场上大显身手！
2653	艺术作品
2654	我一直在查看我们的财务状况，<global.namemycomp> 的情况不容乐观。如果我们不立即做出一些改变，我们就会走向破产。我们急需制定一项战略。让我们共同面对这个问题！
2655	<global.namemycomp> 的月收入下降，而我们的运营成本却在增加，这令人担忧。我们需要仔细研究一下。
2656	我们的债权人开始不安了。<global.namemycomp> 拖欠了几笔款项。这可能会影响我们的信用评级。
2657	我从员工那里听到一些风言风语；由于 <global.namemycomp> 的财务不稳定，员工士气低落。我们应该在失去宝贵人才之前解决这个问题。
2658	我从没想过我会这么说，但我们已经岌岌可危了。<global.namemycomp> 还有几天甚至几小时就要破产了。
2659	老板，令人痛心的是，<global.namemycomp> 已正式破产。我们需要决定下一步行动。
2660	要创办自己的公司，至少需要 5000 万日元，总体声望超过 4。
2661	你可以创建自己的公司。我们可以开始工作了吗？
2662	我们收到了有关我们的一款产品的投诉。初步检查显示存在缺陷，可能会给消费者带来安全隐患。我们是否要启动产品召回并道歉？#这将导致 {global.event_price} 的支出。
2663	好吧，希望一切顺利。
2664	那就好。我没有怀疑你。
2665	作为企业责任的典范，<global.namemycomp> 以潜在的安全问题为由，迅速召回了他们最近的产品系列。消费者安全高于利润！
2666	有报告显示，<global.namemycomp> 发布了一款具有潜在危险的产品，公司内部对此表示担忧，但管理层却置若罔闻。客户现在发出了警告，导致股价下跌，越来越多的人要求立即采取纠正措施。
2667	我们的一位高级管理人员 <rand_human_name> 深陷丑闻。媒体对此议论纷纷，这有损 <global.namemycomp> 的声誉。我们是否应该公开处理这种情况并解雇 <rand_human_name>？
2668	<global.namemycomp> 在最近受到指控后迅速解雇了 <rand_human_name>，并强调了他们对道德的承诺。
2669	好吧，我来处理。
2670	就这么定了。
2671	我马上就去。
2672	知道了，正在处理。
2673	好的，我会解决的。
2674	就它了。交给我吧。
2675	没问题，我会安排的。
2676	<global.namemycomp> 决定不处理对高管 <rand_human_name> 的指控，这引发了批评，并引发了对企业问责制的质疑。
2677	我们的 IT 团队建议，我们目前的服务器已经过时。升级可简化 <global.namemycomp> 的运营并提高生产率。我们是否要为这些技术升级拨款？需要花费 {global.event_price}。
2678	好消息！我们按照你的建议升级了 <global.namemycomp> 的服务器。现在一切运行都顺畅多了，团队也真正感受到了工作效率的提高。你的建议很好！
2679	我们的人力资源团队推出了一项新的培训计划。他们认为，虽然成本高昂，但从长远来看，这将提高 <global.namemycomp> 的团队效率和绩效。我们是否应该投资这项计划？费用为 {global.event_price}。
2680	我只是想向你汇报一下我们根据你的批准启动的新培训计划的最新情况。几天过去了，我必须说，团队的初步反馈非常积极。他们对自己的角色更有信心了。看来培训投资将为 <global.namemycomp> 带来回报。
2681	我们的研发团队发现一家小公司正在侵犯我们的专利技术。我们是否应该采取法律行动来保护 <global.namemycomp> 的知识产权？法律费用将花费我们 {global.event_price}。
2682	我们采取法律行动后，各方反馈不一。公众的看法是，<global.namemycomp> 的行为就像一个大公司碾压一个小公司。这导致了一些负面新闻，使我们的品牌声誉略有受损。但是，在财务方面，我们的投资者很高兴我们保护了我们的知识资产，并将其视为强大管理的标志。
2683	专利情况的最新进展。尽管我们没有采取法律行动，但这家小公司还是自愿停止使用我们的技术。看来他们可能已经知道了我们的担忧，不想冒任何对抗的风险。
2684	在选择不采取法律行动后，这家小公司积极利用我们的技术。他们迅速发展壮大，抢走了 <global.namemycomp> 的大部分市场份额。因此，我们公司遭受了明显的损失。这个决定可能过于宽松了。
2685	当地的一个大型活动与我们联系。他们为 <global.namemycomp> 提供了一个主要赞助商名额。这是一个提高知名度的绝佳机会，但赞助费用很高。<global.namemycomp> 是否应该投资这项赞助？费用为 {global.event_price}。
2686	活动取得了巨大成功！我们在 <global.namemycomp> 主要赞助商位置上的投资确实得到了回报。我们获得了广泛的正面宣传和品牌认可。这对我们公司的知名度来说是一个很好的举措。
2687	不幸的是，预期的活动从未实现。组织者似乎消失了，<global.namemycomp> 显然是被骗了。今后，我们对此类投资要更加谨慎。
2688	政府为像 <global.namemycomp> 这样参与特定社会活动的公司推出了潜在的税收优惠政策。我们是否会为了潜在的税收优惠而参与这些项目？这将花费 {global.event_price}。
2689	我们参与社会活动的决定得到了回报，<global.namemycomp> 成功享受了政府的税收优惠政策。虽然前期成本较高，但长期的节税效果使我们认为这笔投资是值得的。
2690	尽管 <global.namemycomp> 怀着良好的愿望开展了这些社会活动，但事实证明，这些项目比预期的更加复杂，也更加耗费资源。即使有税收优惠政策，我们也发现自己已经力不从心。
2691	流行文化，尤其是音乐和电影，正在对年轻人产生巨大影响。与流行偶像合作可以提高 <global.namemycomp> 的知名度。我们是否要发起一场以流行文化偶像为主题的营销活动？费用为 {global.event_price}。
2692	与这位流行偶像的合作取得了巨大成功！<global.namemycomp> 的品牌知名度直线上升，我们的股票在证券交易所也一路飙升！
2693	不幸的是，我们选择的流行偶像的丑闻对我们的活动产生了负面影响。预期的品牌知名度提升并没有实现，合作也未能取得预期的成功。
2694	廉价进口产品充斥市场。<global.namemycomp> 是专注于批量生产以参与竞争，还是维护质量高于数量的声望？
2695	质量
2696	快速生产
2697	<global.namemycomp> 选择坚持其对质量的承诺。客户和投资者都赞赏这种奉献精神，从而提高了品牌忠诚度和股票价值。
2698	虽然 <global.namemycomp> 对质量的承诺是显而易见的，但某些细分市场认为我们的产品略显昂贵，导致在购买时犹豫不决。
2699	虽然 <global.namemycomp> 成功地以具有竞争力的价格占领了更广阔的市场，但客户的反馈并不一致，一些客户质疑产品的可靠性。
2700	虽然 <global.namemycomp> 转向快速生产极大地增加了我们的收入，也让投资者欣喜若狂，我们的股价飙升就是最好的证明，但市场上也有一些关于我们产品质量下降的杂音。我们在经济上获得了收益，但我们的品牌声誉却受到了轻微的打击。
2701	快速生产为 <global.namemycomp> 带来了回报！收入飙升，投资者欢呼雀跃，股价攀升。然而，有关质量下降的传闻却引发了对品牌声誉的担忧。
2702	<global.namemycomp> 的几个部门提出了工资问题。他们认为，与行业标准相比，他们的工资偏低，并威胁要罢工。我们应该提高他们的工资吗？
2703	<global.namemycomp> 的员工感谢你的加薪。他们很高兴听到你的声音。
2704	员工们对你的决定非常不满。
2705	我们的员工正在罢工！我们必须马上采取行动！
2706	罢工！
2707	我们员工的罢工结束了。
2708	一个著名的电视节目找到我们，希望在其中一集中介绍我们的产品。这不会给我们带来任何损失，但对该节目的评价褒贬不一。<global.namemycomp> 是否应该合作？
2709	与电视节目的合作提高了 <global.namemycomp> 在更多观众中的知名度，从而增加了销售额。然而，一些长期粉丝对公司与一个声望有问题的节目合作表示失望。
2710	<global.namemycomp> 的主要生产单位附近发生强烈地震。生产暂时停止。造成损失。
2711	<global.namemycomp> 的关键人物 <rand_human_name> 因个人原因决定辞职。这可能会影响团队未来几个月的士气。
2712	一场严重的暴风雪扰乱了主要地区的物流和运输，延误了 <global.namemycomp> 的货运，并造成轻微的运营中断。
2713	<global.namemycomp> 的一个主要竞争对手面临公关危机，大量客户转向我们公司寻找替代品。
2714	有人看到一位当地流行歌手自发使用 <global.namemycomp> 的产品。他们庞大的粉丝群可以提高品牌的知名度，即使只是暂时的。
2715	由于不明原因，城市电网的很大一部分出现故障，导致 <global.namemycomp> 的运营出现短期中断。
2716	与 <global.namemycomp> 的一个产品系列相匹配的一种新的时尚潮流已经出现。年轻人对此趋之若鹜，销售额可能会激增。
2717	政府表彰了 <global.namemycomp> 对行业和经济做出的贡献。我们将举行一个小型仪式来表彰这一成就。
2718	一场大规模的公共交通罢工正在进行，导致员工上班时间延误，并可能使 <global.namemycomp> 的运营速度放缓。
2719	城市犯罪率激增影响了员工的安全，并使 <global.namemycomp> 的运营中断了几天。
2720	一位高级管理人员的一句不经意的评论在网络上疯传，导致 <global.namemycomp> 公司受到负面影响。
2721	公司目前没有申请人。简历列表每月更新。
2722	返回
2723	在 CEO 模式下，将公司等级提升到 <need>。
2724	控制向导
2725	建立公司部门
2726	建造者
2727	让部门 100% 投入工作。
2728	完美主义者
2729	成功的公司
2730	在自己的公司获得 {need} 的月利润。
2731	在自由模式下创建自己的公司
2732	创始人
2733	自由股份限制
2734	无
2735	最小
2736	中等
2737	现实
2738	董事会邀请
2739	增加薪水
2740	我们公司的薪资水平良好。
2741	目前，我们每月向员工支付 {global.now_zp} 薪酬。对于低于市场工资水平的员工，我们可以选择提高其工资。调整后，我们的月支出将为 {global.budet_zp}。
2742	<global.companyforq> 的董事会成员 <global.myname> 抛售了公司的大部分股份，这一举动令人惊讶，引发了投资者和分析师的猜测。
2743	<global.myname> 因其在 <global.companyforq> 董事会中的作用而闻名，他们通过增购大量股份大幅增加了在该公司的股份，这表明他们对该公司的未来前景充满信心。
2744	市场观察人士正在热议 <global.companyforq> 的 CEO <global.myname> 出售大量股份的消息。此举引发了对公司内部信心和未来发展方向的质疑。
2745	在市场波动的情况下，<global.companyforq> 公司的 CEO <global.myname> 加倍履行了对公司的承诺，购买了大量股票，表明了对公司战略愿景的信心。
2746	经过对你为 <namecompan> 所做贡献的全面评估，我们遗憾地通知你，董事会决定终止你的董事会成员资格。我们感谢你过去的服务，并祝愿你在未来的事业中取得成功。
2747	好消息！一位顶级投资者刚刚向 <global.namemycomp> 注资 {invest_money}！这改变了我们的游戏规则。是时候为一些令人兴奋的增长和机遇做好准备了。
2748	随着一款新型视频游戏机的推出，商店外出现了创纪录的排队现象。有传言称，这是迄今为止最先进的游戏机，其画面“几乎可以以假乱真”！游戏玩家们，准备好度过几个不眠之夜吧。
2749	日本最新的子弹头列车线路推出了一个可爱的吉祥物：一只戴着列车长帽子的猫！“迅捷猫”已经深受大人和孩子们的喜爱。
2750	当地一家拉面店举办了一年一度的吃面比赛。目前的纪录是 30 分钟内吃 10 碗。挑战者们，开动你们的胃吧。
2751	东京最新的时尚潮流让人眼前一亮——垫肩随处可见！从商务套装到休闲装，这种大胆的风格正在时尚舞台上占据主导地位。
2752	大阪的一位寿司厨师用他的甜寿司作品搅动了烹饪界。菜单上有巧克力饭团和水果刺身，将传统工艺与现代元素相结合。
2753	卡拉 OK 是企业竞赛的新战场。公司不是在会议室里对决，而是手拿麦克风，唱着流行歌曲。
2754	一位顶级相扑选手将自己的成功归功于他的非常规饮食，其中包括大量的冰淇淋。粉丝们很感兴趣，而营养学家们却挠头不已。
2755	一本关于禅宗园艺艺术的书出人意料地登上了畅销书榜首。似乎每个人都在喧嚣的城市生活中寻找一片宁静。
2756	一个新的偶像组合正以其朗朗上口的曲调和活力四射的表演风靡乐坛。为了一睹新星的风采，粉丝们排起了长队。
2757	居民们报告说看到了一只奇特的猫，据说能带来好运。这只猫在城市的不同地方出现过，已成为当地的一个传奇，也是人们争相拍照的对象。
2758	一座等身的雕像在东京市中心揭幕，它是一部广受欢迎的动漫系列中的著名机器人。它正迅速成为一个受欢迎的旅游景点。
2759	这座城市的棒球队赢得了一项重要的全国冠军，引发了街头巷尾的庆祝活动。这支处于劣势的球队取得了意想不到的胜利，球迷们欢欣鼓舞。
2760	在酒吧里，你与一位同伴闲聊，原来他是一位知名投资人。他们被你的愿景所鼓舞，表示愿意对你的公司进行大笔投资。
2761	在酒吧举行的飞镖比赛中，你赢得了胜利。
2762	酒吧里的健康大师分享了平衡工作与生活的秘诀。实施这些建议后，你会发现自己的健康和工作效率有了显著提高。
2763	一位房地产中介略带醉意地向你透露了一处即将上市的位于黄金地段的房产，暗示你购买该房产将是明智之举。看看房地产中介是个不错的主意。
2764	惊爆价！
2765	关于我们刚买的那栋房子，我有一些奇怪的消息。好像有传言说那里闹鬼！房客们都吓坏了，所以我们得降低租金才能吸引到人。
2766	刚刚得知，我们新房子周围的邻居并不像我们想象的那样安宁。邻居们都很棘手，这影响了我们出租房子的价格。
2767	原来，我们的新房价格便宜，但也有隐患。有一些严重的结构性问题没有被发现。房地产的价格实际上要低得多。
2768	原来，我们刚买的房子有一段黑暗的历史。几年前，这里曾发生过一起著名的谋杀案。这让潜在的租客和买家都感到害怕。
2769	我们的新房产遇到了麻烦。附近发现了土地污染，可能也会影响到我们的土地。这大大降低了房产的价值。
2770	刚刚发现我们收购的房子以前曾用于非法活动。这段历史是公开的，现在我们正在努力寻找对这段历史感兴趣的人。
2771	我们刚刚得知，我们的新房产曾经是极道的藏身之处。虽然他们已经离开多年，但房子的历史还是让潜在的买家和租户犹豫不决。
2772	你刚买的财产属于我们。这是一个警告：立即交还。我们不会善待那些霸占我们财产的人。如果你不遵守，后果自负。
2773	我们注意到你购买了我们感兴趣的房产。为了你的利益，我们建议你将其转回给我们。合作将得到回报。
2774	我们感谢你明智的决定。你的合作我们已经注意到了。希望你的理解能得到合理的补偿。很高兴与你成为朋友，而不是麻烦。
2775	这不仅仅是一块土地的问题，而是树立正确的敌人或盟友的问题。请仔细考虑你的下一步行动。
2776	你对这种情况表示理解，这是值得赞扬的。请记住，保持良好的关系比任何直接的回报都更有价值。
2777	我们的办公室昨晚遭到了破坏。窗户被砸，墙上有涂鸦。看起来像是极道的杰作。办公室翻新要花费我们 {prc_yakuza}。
2778	极道干扰了今天的会议，导致会议严重中断。额外的安全措施和业务时间损失估计为 {prc_yakuza}。
2779	面临极道的虚假法律索赔。法律辩护费用不断增加，目前估计为 {prc_yakuza}。这种情况也有损你的形象。
2780	你的车昨晚被盯上了。看起来像是极道干的——车被彻底毁坏，无法修复。
2781	你在我们的行动中引起了不小的轰动。是时候算账了。因为你造成的破坏，你欠我们 {proc_yakuza}。这不是建议。给钱，否则你和你的生意会很不愉快。你有有限的时间来纠正错误。请明智选择。
2782	你比我们想象的要聪明。记住，和我们保持良好关系是件好事。希望我们不要再在这种情况下见面了。
2783	你在玩一场危险的游戏。我们可以让你和你的企业陷入困境。
2784	嘿，<global.namemycomp> 出了个大问题。我们的主仓库昨晚被极道破坏了。他们毁坏了重要设备，导致我们的业务和交货严重中断。这对我们的收入打击很大。
2785	现在 <global.namemycomp> 正在被进行一场肮脏的诽谤运动。这肯定是极道干的。他们在媒体上散布有害的谣言，损害了我们在客户和合作伙伴中的声望。
2786	关于 <global.namemycomp> 的一些令人不安的消息。我们团队的主要成员一直受到极道的威胁。这造成了内部混乱，并导致敏感信息泄露。
2787	<global.namemycomp> 的办公室昨晚遭到破坏，很可能是极道干的。除了需要维修之外，这在我们的员工中造成了真正的恐惧感。这可能会影响我们公司的士气和整体工作环境。
2788	股息率
2789	列出你持有股票的公司。
2790	你在每家公司持有的股票数量。
2791	你的每股平均购买价格。
2792	每股股票的当前市价。
2793	从每家公司收到的股息总额。
2794	当前作为股息返还的投资百分比。
2795	你的投资组合本质上是你在不同公司拥有的所有股票的集合。它可以帮助你跟踪投资业绩，做出明智的决定。密切关注股价和股息——这将指导你是购买更多股票、持有现有股票，还是卖掉一些股票。
2796	请记住，我们的目标是让你的投资明智地增长。分散持股以分散风险，并关注市场趋势。如果你有任何问题或需要建议，只需给我留言！
2797	祝贺你成为 <global.namemycomp> 的首席执行官。你的崛起我们并没有忽视。请记住，我们过去的交往为互惠互利的关系奠定了基础。
2798	作为 <global.namemycomp> 的负责人，你必须知道，我们在很多地方都有自己的人。他们中的一些人可能正是贵公司的合适人选。请密切关注你员工的简历。当你需要额外的优势时，我们的人脉将是无价之宝。
2799	祝贺你创办 <global.namemycomp>。以自己的方式涉足商界是一个大胆的举动。
2800	致电极道
2801	我们公司有一个快速赚钱的机会。极道会处理好细节，你会得到更干净、更健康的储备。
2802	听说你有一些顽固的债主。极道可以“鼓励”他们还钱。这是又快又简单的增加我们的储备的方法。
2803	想要扩张？极道可以玩转市场，让你的下一次房地产行动更便宜。虽然只是暂时的，但却能为你节省大笔开支。
2804	需要提振股价？极道可以散布一些有利的谣言，提高投资者的兴趣和你的股票价值。
2805	好吧，我会……嗯，尽量按你说的做。然后，我想我应该低调行事，对吧？
2806	你的要求将按规定执行。为确保运行安全，建议在完成后的一段时间内降低能见度。
2807	当然，老板！我会很快搞定的。然后，也许我会放松一下，打打棒球。你知道的，冷静一下。
2808	我已注意到你的指示，并将照此办理。之后，我将短暂休假，以确保谨慎行事。
2809	好吧……我会做的，但我不太擅长这些事。之后，我想我就暂时不插手了。
2810	你的请求将被准确无误地执行。届时，我将暂时中止对它的关注，以保证运作顺利。
2811	当然，亲爱的，我会以我的一贯风格来处理的。之后，是时候休息一下了——也许去做个水疗，避避风头。
2812	你的指示非常明确，我们将以最高效率完成任务。完成任务后，我将保持低调，以确保最大限度的谨慎。
2813	运作顺利。检查你的储备，你会有惊喜。
2814	已经完成了。遇到了一些麻烦，但资金已经到位。只是要谨慎。
2815	事情闹大了。行动已经完成，但可能会引起一些不必要的关注。
2816	收回了应收款。你们的储备金现在更健康了。
2817	收债工作已经完成。虽然不是每个人都还了钱，但大部分都还清了。
2818	债务人那边出了点问题。钱是赚到了，但却惹来了一些法律纠纷。
2819	我们在房地产方面的策略非常奏效。你现在可以以低廉的价格扩大你的部门。
2820	房地产计划基本按计划进行。你有了一些积蓄，尽管没有预期的那么多。
2821	在房地产游戏中遇到了点麻烦。你得到了一些好处，但警察可能会盯上我们。
2822	我们的谣言创造了奇迹。你们公司的股票一路飙升，投资者蜂拥而至。
2823	我们把消息传出去了，起到了一些效果。你们的股票涨了，虽然涨幅不如我们预期。
2824	谣言一发不可收拾。你的股票涨了，但警方对你很感兴趣。可能很棘手。
2825	多亏了我们的……咳咳……关系，我们找到新的办公场所要容易得多，也便宜得多。
2826	为了结清我们的账目，请将 {global.money_need_yakuza} 转给我们。你的迅速行动将确保我们继续合作。
2827	对于我们提供的服务，我们需要 {global.money_need_yakuza}。让我们的合作顺利进行，并从中获利。
2828	我们最近的援助费用为 {global.money_need_yakuza}。我们相信你明白及时付款的重要性。
2829	我们的协议要求支付 {global.money_need_yakuza} 的费用。我们期待收到这笔费用，以保持我们间的良好关系。
2830	你为我们的独特服务所支付的费用将汇至 {global.money_need_yakuza}。我们一如既往地感谢你及时付款。
2831	很高兴能与你这样可靠的人合作。
2832	期待我们继续合作。
2833	请记住，我们的手很长，记忆也更长。
2834	忽视自己的义务是不明智的。你可能会发现我们的不满比收费更昂贵。
2835	你选择因为 {global.money_need_yakuza} 而断绝关系？一个令人遗憾的决定。我们不会忘记背叛我们的人。
2836	有消息称，<comomo> 将有一些重大举措。他们的股票即将飙升。你可能想参与其中。
2837	给你个小提示——<comomo> 正在进行一项重大交易，目前仍处于保密阶段。他们的股价将会攀升。对你来说可能是个好机会。
2838	得到一些内部消息——<comomo> 即将陷入困境，正在酝酿一些法律纠纷。预计他们的股票将暴跌。
2839	一只小鸟告诉我，<comomo> 即将面临一场严重的危机。他们的股票会大跌。就当这是一个善意的警告吧。
2840	嘿，提个醒。现在房地产市场上有很多好买卖，优质房产都能卖个好价钱。对你来说是个好机会。
2841	我们知道你有麻烦了 但你可以马上离开这里。你要付出的代价是 {yakuza_price_free}。
2842	<global.companynewsname> 将发行更多股票，旨在为其扩张计划提供资金。此举表明了公司的发展愿望，投资者密切关注其对市场的潜在影响。
2843	作为 <global.companynewsname> 的大股东，我们将以 {global.moneyneed} 的折扣价向你提供 <global.numshares> 新股，以维持你在公司的持股比例。你同意吗？
2844	我们公司 <global.companynewsname> 需要新的投资。作为控股股东，你应该帮助我们发行新股。我们希望发行 <new_stocks> 新股。你同意吗？
2845	谢谢你的理解！
2846	这很可惜，因为这会限制我们的发展。
2847	金融刊物《真实之真实》发表了一篇关于 <global.myname> 的正面文章，提升了其公众形象。
2848	我看你累坏了。带上你的女朋友，我们去泡温泉吧。我会带你去一间只有你们两个人的包房。
2849	你不会以为我们会把你留在这里吧？收拾东西，明天就回家。一切都安排好了。
2850	黑犀鱼
2851	龙鱼
2852	小飞象章鱼
2853	庞贝蠕虫
2854	天使鱼
2855	巨骨舌鱼
2856	箭鱼
2857	鲃鱼
2858	多鳍鱼
2859	珠星三块鱼
2860	鳑鲏
2861	黑鲈
2862	蓝鳃鱼
2863	褐鳟
2864	杜父鱼
2865	鲤鱼
2866	鲶鱼
2867	红点鲑
2868	樱鳟
2869	螃蟹
2870	小龙虾
2871	鲫鱼
2872	鲮鱼
2873	暗色沙塘鳢
2874	花羔红点鲑
2875	鲯鱼
2876	棒花鱼
2877	青蛙
2878	雀鳝
2879	虾虎鱼
2880	金鱼
2881	丝足鲈
2882	草鱼
2883	凤尾鱼
2884	石川鲑
2885	日本尖吻鲈
2886	鳉鱼
2887	帝王鲑
2888	锦鲤
2889	大口黑鲈
2890	泥鳅
2891	鲦鱼
2892	红绿灯鱼
2893	温泉鱼
2894	蛇头鱼
2895	青猫鱼
2896	蓝斑眼鱼
2897	食人鱼
2898	虹鳟
2899	彩虹鱼
2900	红鲤鱼
2901	红点鳟
2902	稻田鱼
2903	三文鱼
2904	鲉鱼
2905	小口黑鲈
2906	胡瓜鱼
2907	棘背鱼
2908	弦鱼
2909	鲟鱼
2910	香鱼
2911	蝌蚪
2912	罗非鱼
2913	乌龟
2914	日本白鲫
2915	白斑红点鲑
2916	黄鲈
2917	鳀鱼
2918	梭子鱼
2919	后肛鱼
2920	搏鱼
2921	四齿鲀
2922	蓝枪鱼
2923	蝴蝶鱼
2924	毛鳞鱼
2925	蛤蜊
2926	小丑鱼
2927	腔棘鱼
2928	珊瑚
2929	乌贼
2930	鳗鱼
2931	比目鱼
2932	鲽鱼
2933	鮟鱇鱼
2934	珍鲹
2935	金线蓝子鱼
2936	斑蓝子鱼
2937	大白鲨
2938	锤头鲨
2939	鲱鱼
2940	竹荚鱼
2941	水母
2942	帝王蟹
2943	龙虾
2944	鲭鱼
2945	鲯鱼
2946	皮皮虾
2947	花纹蓝子鱼
2948	𩽾𩾌
2949	月鱼
2950	海鳗
2951	贻贝
2952	拿破仑鱼
2953	皇带鱼
2954	翻车鱼
2955	章鱼
2956	牡蛎
2957	鲳鱼
2958	鲳鲹
2959	河豚
2960	鳐鱼
2961	红鲷鱼
2962	五彩鳗
2963	沙丁鱼
2964	鲭鱼
2965	秋刀鱼
2966	鲈鱼
2967	海参
2968	海马
2969	海藻
2970	鲥鱼
2971	虾
2972	鲣鱼
2973	旭蟹
2974	鱿鱼
2975	海星
2976	条石鲷
2977	金枪鱼
2978	多宝鱼
2979	玻璃梭鲈
2980	鲸鲨
2981	常见
2982	不常见
2983	稀有
2984	超稀有
2985	传奇
2986	不费吹灰之力
2987	无障碍
2988	富有挑战性
2989	虚幻的
2990	玩这个游戏吗？
2991	动态子弹地狱游戏，具有独特的角色升级系统。
2992	维修中
2993	抽卡
2994	莱因哈特
2995	菲奥娜
2996	精灵
2997	骑士
2998	黑暗领主
2999	恶魔
3000	吟游诗人
3001	骷髅
3002	Stefan cel Rau
3003	Dragos Ghitarascu
3004	Radu cel Deranjat
3005	风之灵泽法尔雕像
3006	水之灵布莱克韦尔雕像
3007	自然之灵鸢尾花雕像
3008	火之灵伊格内萨雕像
3009	大地之灵亚伦雕像
3010	巫术女神莫瑞根雕像
3011	格哈德
3012	我的收藏
3013	回家
3014	孟加拉猫
3015	三色猫
3016	双色猫
3017	芒奇金猫
3018	挪威的森林猫
3019	波斯猫
3020	布偶猫
3021	苏格兰折耳猫
3022	暹罗猫
3023	黑猫
3024	白猫
3025	斯芬克斯猫
3026	虎斑蓝猫
3027	虎斑红猫
3028	燕尾服猫
3029	移动
3030	攻击
3031	炸弹
3032	暂停
3033	按 <b_exith> 退出
3034	接近危险时，肾上腺素模式会被激活，在此期间，时间会变慢，伤害会加倍。
3035	由于国家经济长期衰退，去年所有大公司都无利可图。
3036	一份知名的金融出版物总结了去年商业领域的成果。
3037	盈利最多的公司
3038	最昂贵的公司
3039	此外，还公布了东京最具影响力百人榜。
3040	如果你努力提高自己的声望，增加自己的财富，总有一天你也会上榜。
3041	你现在位于第 <number_string>！恭喜你！
3042	公司
3043	公司市值达到 {need}（CEO 模式）。
3044	成功的领导者
3045	公司年利润达到 {need}（CEO 模式）。
3046	利润表现
3047	在你的领导下，公司应成为年利润前 <need> 的公司之一。
3048	资产升值
3049	在你的领导下，公司应成为市值前 <need> 的公司之一。
3050	权力之塔
3051	进入东京最有影响力人物前 <need> 名。
3052	东京之王
3053	成为东京最有影响力的人物。
3054	游戏玩家
3055	在街机游戏 Hoshimari 中获得 <need> 分。
3056	抽卡大师
3057	抽卡 <need> 次。
3058	收集令人难以置信的猫咪公仔！
3059	一系列以热门系列游戏中的人物为造型的磁铁。
3060	法院在发现被告严重操纵市场的证据后，对其处以 {amount_shtraf} 的罚款和 3 个月监禁。
3061	嘿，嗯……也许我们今晚可以一起出去玩？只是冷静一下，你懂吗？
3062	你好。我在想，也许我们今晚可以在工作之外多呆一会儿？也许会有好处。
3063	嘿，晚上出去玩玩怎么样？没有什么花哨的，只有美好时光和欢声笑语！
3064	晚上好。我建议我们今晚来个短暂的休息，来点有文化但又愉快的。
3065	嗨，我在想……也许我们今晚可以出去走走？找个安静的好地方？
3066	是我。我建议我们今晚休息一下。也许来点低调但有趣的。
3067	嘿，让今晚变得难忘，好吗？来点有趣又迷人的？
3068	晚上好！今晚来个高雅又愉快的郊游怎么样？一定会很愉快。
3069	好极了！那我们去哪儿？
3070	选择你想去的地方。
3071	游戏厅
3072	高尔夫球场
3073	卡拉 OK
3074	市立公园
3075	这……比我预想的要平静一些。感觉很好。谢谢你的建议。
3076	我必须承认，这里的宁静令人心旷神怡。这是一次宝贵的经历。谢谢你们。
3077	哇，没想到寺庙也能让人如此放松！真的能让人头脑清醒，是吧？来得好！
3078	的确，这里的宁静令人赞叹。这是一种难得的平静感。是郊游的明智之选。
3079	这真的很好……有点舒缓。我不知道我需要这个。我很高兴我们来了这里。
3080	我承认，这里宁静的氛围对缓解压力很有效。这是个不错的决定。
3081	我感觉神清气爽！在这里祷告就像是一次小型疗养。我们应该经常这样做，你觉得呢？
3082	这确实令人振奋。寺庙的宁静具有独特的魅力。这是一次丰富的体验。
3083	这种宁静……仿佛时间在这里静止。
3084	熏香的香气……让人平静，近乎超凡脱俗。
3085	这些古老的城墙见证了太多的祈祷。
3086	寺庙的寂静比外面熙熙攘攘的城市更加响亮。
3087	不知道有多少希望和梦想与这里紧紧相连。
3088	即使在东京市中心，你也能找到这样宁静的世外桃源。
3089	寺庙的宁静与我每天的忙碌形成了鲜明的对比。
3090	在这里，在这些古老的石头中，我的烦恼似乎离我很远。
3091	我可以感受到数百年来渗透在这里的深邃灵性。
3092	我得和艾米一起来。
3093	艾米为我做了很多。没有她，我真不知道该怎么办。
3094	也许我应该重新考虑一下实现目标的方法……
3095	大自然与城市天际线的对比几乎充满诗意。
3096	树叶沙沙作响，是城市混乱中的自然交响乐。
3097	公园提醒我们放慢脚步，呼吸，生活。
3098	一张公园长椅就能让人思绪万千。
3099	大自然在城市世界中的顽强生命力总是让我惊叹不已。
3100	在公园里，每个季节都书写着自己的篇章。
3101	在公园漫步，是一种简单而深刻的享受。
3102	一个陌生人认出了你，向你索要签名。
3103	公园散步……其实还不错。出去走走挺好的。谢谢你拉上我。
3104	我发现这次漫步出乎意料地惬意。自然元素为城市景观带来了耳目一新的感觉。
3105	嘿，这个公园太棒了！空气清新，空间开阔，太棒了！我们得经常这样做，对吧？
3106	在公园散步是一个令人愉快的想法。它是休闲和美学欣赏的完美结合。令人精神焕发。
3107	在这样的公园里散步真的很惬意……很宁静。我很享受我们在一起的时光。
3108	这是……意想不到的放松。简单的公园散步也有它的好处。它让人从日常工作中解脱出来。
3109	我喜欢在公园散步！它是如此生动有趣。我们应该多参加这样的休闲活动！
3110	在公园里漫步非常令人愉悦。这是与自然和彼此联系的绝佳方式。
3111	你和许多朋友都聊得很开心。
3112	哇，太刺激了！虽然我觉得自己不行，但尝试的过程很有趣。有机会我们应该再来一次。
3113	参与这些街机游戏比预期的更令人愉快。这是一项关于策略和反应能力的有趣研究。
3114	在游戏厅里总能度过一段美好时光！我喜欢这里的活力。我们玩得很开心，不是吗？
3115	游戏厅是技术与娱乐的迷人交汇点。这是一种令人愉悦的消遣方式。
3116	我在游戏厅里玩得很开心。放纵自己，尽情玩耍的感觉真好。谢谢你带我来这里。
3117	这出乎意料地引人入胜。游戏厅将挑战和娱乐独特地融合在一起。我很高兴我们来了。
3118	游戏厅是最棒的！游戏、灯光、刺激——一切都那么惊心动魄！我们完全应该再来一次。
3119	游戏厅是一次迷人的体验。这是一种体验不同类型游戏并共同享受乐趣的绝佳方式。
3120	新品种！
3121	辞去首席执行官职务后，你有一年的限制期，在此期间你不能创建新公司。
3122	是你！
3123	当前薪水
3124	期望薪水
3125	狗狗
3126	收集令人难以置信的狗狗模型！
3127	比格犬
3128	比熊犬
3129	边牧
3130	斗牛犬
3131	吉娃娃
3132	可卡犬
3133	腊肠犬
3134	斑点狗
3135	杜宾犬
3136	杰克罗素㹴
3137	马尔济斯
3138	博美犬
3139	贵宾犬
3140	巴哥犬
3141	寻回犬
3142	雪纳瑞
3143	牧羊犬
3144	德国牧羊犬
3145	柴犬
3146	西施犬
3147	哈士奇
3148	柯基犬
3149	白㹴
3150	约克夏犬
3151	自动保存
3152	快速保存
3153	档位
3154	事件
3155	史实
3156	随机
3157	日元汇率创下新高，使进口商品更加便宜，刺激了消费支出。零售和进口行业的股票价值显著上升。
3158	政府促进国内旅游的活动会增加旅游业和酒店业的支出，从而对相关股票产生积极影响。
3159	日本制造业报告产出小幅增长，反映出经济增长稳定，并对工业股票产生积极影响。
3160	近期全球石油价格的变化导致了经济的轻微不确定性，影响了股票和投资者的情绪。
3161	出口小幅下降导致经济适度放缓。
3162	对大型银行不当行为的指控引起了投资者的担忧，导致股市金融板块出现短暂波动。
3163	全球对电子产品和汽车需求的减少导致经济大幅下滑，对股市和整体经济造成严重影响。
3164	日本面临着由贸易冲突和内部金融问题引发的严重衰退，导致股市大幅下滑。
3165	工人
3166	哇，你收集了一整套“<figuresname>”！
3167	信不信由你，这个游戏是我的一个好朋友做的，但我从来没玩过。他甚至承诺会把我加入续集，但我从没去看他是否做到了。
3168	好可爱的猫猫！
3169	我梦想养一只狗，但我没有时间去照顾它。
3170	仁爱之心
3171	向慈善机构捐赠 {need}。
3172	地产大亨
3173	拥有 <need> 套房地产。
3174	汽车爱好者
3175	拥有 <need> 辆汽车。
3176	转向信息技术
3177	公司 IT 部门的工作效率应达到 <need>%。
3178	财务效益
3179	公司财务部门的工作效率应达到 <need>%。
3180	公司聚会
3181	公司人力资源部门的工作效率应达到 <need>%。
3182	努力工作
3183	公司营运部门的工作效率应达到 <need>%。
3184	恼人的广告
3185	公司销售与市场营销部门的工作效率应达到 <need>%。
3186	带我去月球
3187	公司研发部门的工作效率应达到 <need>%。
3188	从头开始
3189	公司总部的工作效率应达到 <need>%。
3190	真正的雇主
3191	为自己的公司雇用 <need> 员工。
3192	我们会尽快给你回电。
3193	拒绝 <need> 位应聘者。
3194	清白企业
3195	在 <need> 年内未卷入丑闻或诉讼。
3196	稳健的投资组合
3197	拥有投资组合中任何公司 <need> 的股票（不含你创建的公司）。
3198	最受欢迎的公司
3199	拥有任何公司 <need>% 的股份（不含你创建的公司）。
3200	泡沫的本质
3201	每月获得 {need} 的租金收入。
3202	钱能生钱
3203	从多家公司获得共计 {need} 的股息。
3204	休息很重要
3205	度假
3206	爱猫人士
3207	拥有全套猫咪模型
3208	爱狗人士
3209	拥有全套狗狗模型
3210	JRPG 迷
3211	拥有全套环祭传说模型
3212	干杯！！！
3213	去酒吧 <need> 次。
3214	清新空气
3215	游览公园 <need> 次。
3216	心平气和
3217	参观寺庙 <need> 次。
3218	赌博成瘾
3219	玩弹珠机 <need> 次。
3220	打破年龄刻板印象
3221	去游戏厅 <need> 次。
3222	只有马
3223	去马场 <need> 次。
3224	韩语翻译：
3225	管理
3226	首选技能
3227	空缺！
3228	<incompany_name> employees
3229	自由员工
3230	<incompany_name> 的高层管理
3231	<incompany_name> 的自由员工
3232	未答复的简历
3233	取消
3234	你想为公司补充多少储备金？
3235	你已经雇用了最大数量的员工。
3236	员工人数上限取决于公司（总部）的级别。部门越多、部门级别越高，空缺职位就越多。
3237	发明
3238	影响
3239	发展
3240	赚取发明点数，并为新进展赚取额外的研发点数。
3241	影响点数提升公司员工体验。
3242	发展点数增加财务储备。
3243	员工的 <var_characteristic> 水平越高，他们就越有可能将这一点带入工作。
3244	一杆进洞！
3245	收入囊中！
3246	好球！
3247	打得好！
3248	完美！
3249	我想，我的胜利之路还挺顺利的，是吧？真没想到！
3250	从分析的角度来看，我的策略在绿茵场上得到了回报。这真是一场精心策划的胜利。
3251	嘿，我可能不懂所有技术性的东西，但在球场上？我是冠军！
3252	无论是在思想上还是在行动上，高效率和精确性都让我取得了这次胜利。不出所料。
3253	哦，我赢了？真是……真是出乎意料。但是，嗯，耶？
3254	看来，我对游戏物理的理论理解实际上是正确的。
3255	亲爱的，赢了？这只是我魅力的一部分，你知道的。祝你下次好运！
3256	战略远见与天赋才华的完美结合。胜利自然不可避免。
3257	好吧，我想我又要回到起点了……应该多加练习，是吧？
3258	尽管我计算过，但看来我还是低估了游戏的复杂性。
3259	啊，这次被你说中了！不过，输也是游戏的一部分，对吧？下次我会赢你的
3260	这是我少有的疏忽。显然，我的方法还有改进的余地。
3261	哦，我输了……不过没关系，反正我也没抱多大希望。
3262	我的理论知识这次不够用了。我想，还是回去学习吧。
3263	输？我？每个人都有失意的时候，亲爱的。下次我会更闪亮的！
3264	一次有趣的挫折。可以说是一次学习的机会。我会据此改进我的策略。
3265	嗯，平局？真没想到。看来我们俩的技技术都很……独特！
3266	令人惊叹的结果。我们的能力似乎达到了一种平衡。
3267	平局？这就是比赛的精神——让每个人都玩得开心，玩得公平！
3268	那就是公平的结果了。看来我们都擅长各自的策略。
3269	平局？哦，那……不错吧？这一次没输，感觉真好。
3270	看来，我们是旗鼓相当。从科学角度看，这是一个罕见但有趣的结果。
3271	平局？这不是很好吗？看来我们今天都能当明星了！
3272	平局，完美的平衡。我想说，这证明了我们势均力敌的能力。
3273	你赢了！
3274	你输了！
3275	平局！
3276	第一次尝试就将球送入洞中，得 4 分。
3277	第二次尝试成功得 2 分。
3278	此后每击中一次得 1 分，直到球进洞为止。
3279	每成功一洞后，击打计数器都会重置。
3280	如果球没有先着地（一杆进洞）就进洞，则额外获得 1 分。
3281	项目规模扩大！
3282	今天谢谢你了。虽然……与众不同，但却是好事。让我们再来一次，好吗？
3283	今天我很快乐。这对我的思想很有启发。也许我们应该努力重复这样的经历。
3284	嘿，今天很开心！谢谢你陪我出来玩 我们一定要再来一次，对吧？
3285	今天收获颇丰，非常愉快。谢谢你。我们应该考虑尽快再安排一次。
3286	今天真的很开心，谢谢你。让人感觉很舒服。也许有机会我们可以再来一次？
3287	今天真是谢谢你。这是与以往不同的愉快经历。我愿意在未来接受类似的安排。
3288	谢谢你今天给了我这么美好的时光！太美妙了！让我们再计划这样的一天，好吗？
3289	今天我很感激。今天的活动既愉快又有启发性。我期待着我们的下一次活动。
3290	按住 <pusk> 点击
3291	每次成功击球后，球洞的位置都会发生变化。
3292	每位选手总共有 20 次击球机会。
3293	在规定时间内击败对手，赢得比赛。
3294	帮助
3295	你的得分
3296	对手得分
3297	击球数
3298	开球时间
3299	鹰眼
3300	战无不胜
3301	创新者
3302	去高尔夫球场 <need> 次。
3303	在单场比赛中获得 <need> 分。
3304	赢 <need> 次高尔夫。
3305	在公司里创建一个 <need> 级项目。
3306	项目已发布！
3307	完成项目
3308	你至少需要完成第 1 级项目。
3309	曾经风光无限的 <name_of_company> 宣布破产，所有股东损失惨重。管理不善和市场失误被认为是主要原因。
3310	<name_of_company> 倒闭了，投资化为乌有，股东一无所有。财务判断失误和市场变化是倒闭的罪魁祸首。
3311	<name_of_company> 宣布破产，股东资金化为乌有，这是一个始料未及的打击。分析师指出了战略失误和不断变化的市场动态。
3312	有传言称，<name_of_company> 面临财务困境，有可能导致破产或合并。利益相关者紧张地注视着不确定的未来。
3313	市场风声显示，<name_of_company> 正处于困境之中，合并或破产迫在眉睫。投资者做好准备，迎接冲击。
3314	<name_of_company> 已走出危机，引发投资者对其潜在成功和未来盈利能力的乐观情绪。
3315	<name_of_company> 的所有财产以 {price_for_all} 的价格出售。作为公司的重要投资者，你将获得 {money_receive}。
3316	资产出售
3317	<name_of_company> 已被 <comm_name> 收购，在经历了一段动荡时期后，<name_of_company> 提供了新的产业和新的发展前景。
3318	面对挑战，<name_of_company> 与更大的实体 <comm_name> 进行了合并，旨在以更强的资源和市场影响力东山再起。
3319	由于收购，你持有的 <name_of_company> 的 <player_old_stocks> 股份已转换为 <comm_name> 的。<player_new_stocks> 股份。
3320	我们公司可以向其他公司提出收购要约。结果取决于报价金额、目标公司的财务健康状况以及你的声誉。处于困境中的公司更有可能接受并加入我们公司。
3321	你想向 <name_of_company> 发送收购要约吗？
3322	我们的储备金不足以支付这样的报价。
3323	公司 <name_of_company> 目前不接受收购要约。
3324	我们需要等待对之前提议的回应。
3325	发送收购要约
3326	你的提议引起了我们的注意。我们对 <name_of_company> 和贵公司之间潜在的协同效应感到兴奋。
3327	经过慎重考虑，我们认为贵公司的提议为我们提供了一个独特的机会。我们期待着进一步探讨这一合作关系。
3328	这项提议非常及时，符合我们的发展愿景。我们倾向于接受你的提议。
3329	感谢你对 <name_of_company> 的关注。但是，经过深思熟虑，我们决定继续保持独立，并继续执行我们当前的战略计划。
3330	虽然你的建议很慷慨，但 <name_of_company> 目前并不寻求合并或被收购。我们坚信自己的道路，并致力于为我们的员工和客户服务。
3331	谢谢你今早的笑声！你的出价……怎么说呢？我们称之为“野心勃勃的低价”。我们不同意，但你可以继续尝试。
3332	哦，我们收到了你的报价。它太可爱了，我们差点就把它裱起来了！不幸的是，我们现在正忙着规划自己的人生道路，没时间在你的沙盒里玩。
3333	你的提议已被记录在案，并归入“午餐时的趣事”。<name_of_company> 更倾向于与我们建立合作关系，而不是一开始就向我们屈服。谢谢，但不用了。
3334	我们最近收购了一家公司，所以最好在一年内不要采取类似行动，以免引起公平贸易委员会的注意。
3335	很好。现在我们必须等待答复。
3336	由于你的入狱，我们必须通知你，为了保护我们公司的声誉，你已被解除 <compan_name> CEO 一职。
3337	失手了！
3338	钓到了！
3339	栖息地
3340	淡水
3341	海水
3342	深渊
3343	捕捞难度
3344	冬
3345	春
3346	夏
3347	秋
3348	何时捕捞
3349	按住 <pusk> 以抛出鱼竿
3350	你想去钓鱼吗？
3351	湖泊
3352	河流
3353	你知道，我的爷爷是个渔夫，我童年的许多日子都是坐在他身边，坐在码头上，沉浸在这一切之中。他常说，每条鱼都有自己的故事。今天，我们也来讲讲自己的故事，怎么样？
3354	好吧，也许改天吧。
3355	爷爷常说，水教会你生活总是不断变化，充满惊喜，需要耐心。也许今天，它能让我们懂得更多关于享受当下的道理。
3356	来，今天试试我爷爷的老鱼竿。虽然有点破旧，但运气还不错！
3357	那根旧钓竿不行了，是吧？看看能不能找到更好的。附近有家商店。
3358	这是一根老式鱼竿！但如果你真的想钓鱼，你需要更好的装备。不过我只卖给认真的钓鱼者。你得自己争取。
3359	想挑战一下吗？这可能会很有趣！
3360	每种鱼都能为你赢得积分。普通的鱼可以让你入门，但稀有的鱼？它们的价值更高。如果你能钓到我很少见的那些难以捉摸的鱼类，那你肯定能获得不少积分。
3361	听起来这是个提高钓鱼水平的好办法！
3362	钓鱼
3363	渔具大师
3364	渔获点数
3365	点
3366	钓竿强度
3367	滚轮效率
3368	投掷范围
3369	钓竿升级
3370	钓鱼地点
3371	海
3372	深海
3373	开始钓鱼
3374	需要更好的钓竿
3375	价格
3376	奖励
3377	新品种奖励
3378	你需要什么？
3379	操纵市场
3380	破坏公司
3381	我们可以毁掉或提高任何公司的声誉。你对哪个感兴趣？
3382	影响行业
3383	我们可以影响任何行业的经济。选择目标。
3384	我们可以破坏任何公司的运营，影响他们的收入，为你赢得竞争优势。你希望我们针对哪家公司？
3385	再见
3386	我们应该如何对付 <global.last_button_pressed> 公司？
3387	降低股价
3388	提高股价
3389	我们将开始工作。
3390	我的人现在低调行事，所以我们帮不了他们。
3391	我的人已经准备好了，只要告诉我们你的目标就可以了。
3392	我希望这家公司出问题。
3393	<scandal> 面临重大运营问题，造成严重延误并影响收入。
3394	业内专家对 <scandal> 的突然受挫感到不解，从而引发了广泛的猜测。
3395	对 <scandal> 推出新产品的积极传闻导致其股价小幅上涨。
3396	对 <scandal> 突破性技术的重大传言导致其股票暴涨。
3397	对 <scandal> 最新财报的低声质疑使其股票价值略有下降。
3398	对 <scandal> 财务不当行为的严重指控导致其股价暴跌。
3399	宣传本行业的成功经验
3400	我希望看到这一行业出现问题
3401	对 <scandal> 行业监管变化的轻微担忧略微影响了股价。
3402	对 <scandal> 行业普遍腐败的严重指控导致市场信心和股票价值急剧下降。
3403	对 <scandal> 行业的乐观预测导致整体股价略有上涨。
3404	<scandal> 行业的重大突破导致市场价值大幅飙升。
3405	支付
3406	平局，平分彩池
3407	平局，没有赢家
3408	你输掉了比赛！
3409	<player_name> 赢得了比赛！
3410	<player_name> 以 <win_reason> 获胜
3411	<b_enter> 以继续
3412	彩池
3413	余额
3414	跟注
3415	加注
3416	梭哈
3417	弃牌
3418	高牌
3419	对子
3420	两对
3421	三条
3422	顺子
3423	同花
3424	葫芦
3425	四条
3426	同花顺
3427	皇家同花顺
3428	不战而胜
3429	我告诉你一个秘密——有一个隐藏的扑克俱乐部，里面都是大人物，我想你可以得到邀请。保证有新的人脉和丰厚的奖金。有兴趣吗？
3430	好极了！那我们走吧。
3431	那就下次吧。我会把地址写给你。
3432	我将为你讲解德州扑克的基本知识。
3433	首先，每位玩家拿到两张手牌，称为底牌。然后，五张公共牌面朝上发到桌子中间。
3434	目标是使用你的两张底牌和五张公共牌的任意组合，组成一手最佳的五张牌。
3435	共有四轮投注：
3436	1. 翻牌前：这是在你拿到底牌之后。
3437	2. 翻牌：发三张公共牌，牌面朝上，然后进行一轮下注。
3438	3. 转牌：发第四张公共牌，然后进行新一轮下注。
3439	4. 河牌：发第五张也是最后一张公共牌，然后是最后一轮下注。
3440	如果在最后一轮下注后仍有多名玩家参与，则每个人都要亮出自己的手牌。最好的牌赢得彩池！
3441	牌型大小（从高到低）：
3442	皇家同花顺：最高牌。由相同花色的 A、K、Q、J 和 10 组成。
3443	同花顺：连续五张相同花色的牌。
3444	四条：四张相同数字的牌。例如，四张 K。
3445	葫芦：三张相同数字的牌和两张另一个数字的牌。
3446	同花：五张不连续的相同花色的牌。
3447	顺子：连续五张不同花色的牌。
3448	三条：三张相同数字的牌。
3449	两对：两张相同数字的牌和两张另一数字的牌。
3450	一对： 两张相同数字的牌。
3451	最高牌：如果没有人拥有上述任何组合，则数字最大者获胜。
3452	每到周末，这里都会聚集很多有钱人和有影响力的玩家来打扑克。
3453	然而，他们通常赌的不仅仅是金钱，还有有价值的房地产、内幕消息或股票。
3454	要参加游戏，你需要支付入场费，而且只有一个获胜者。
3455	每次胜利都会提升你在秘密扑赌场中的排名，解锁新的牌桌，获得更多奖励和更高赌注。
3456	祝你好运。选择你的桌子。
3457	现金
3458	入场费
3459	股票套餐
3460	微小
3461	小
3462	中
3463	大
3464	特大
3465	极大
3466	内幕消息
3467	<name_company> 的 <number_shares> 股份
3468	恭喜你！你赢得了扑克锦标赛。你的奖品是 <prize_text>。
3469	哇，你赢了？好吧，看来就算是坏掉的钟表，一天也有两次是对的，是吧？
3470	令人印象深刻的胜利。你的战略方法……出乎意料地有效。
3471	哈！你打得很好！下一轮看你的，冠军！
3472	出色的表现。看来我低估了你的智慧。
3473	哦，你赢了……真不错。祝贺你。
3474	我想，你的胜利在逻辑上是合理的。打得好。
3475	亲爱的，你打得太棒了！真是个奇迹。
3476	正如你所期望的那样，非常出色。你们的战术无可挑剔。
3477	获胜次数
3478	下注
3479	你需要 <table_id> 次胜利才能在此桌进行游戏。
3480	今晚看你的比赛简直就是一场策略大师课！让我们庆祝这场巨大的胜利吧。
3481	看来你已经达到了最高牌技水平，现在所有牌桌都向你敞开大门！我从未怀疑过你。
3482	钓鱼爱好者
3483	钓鱼 <need> 次。
3484	钓鱼大师
3485	钓 <need> 条鱼。
3486	钓竿终结者
3487	将钓竿升到最高级。
3488	鱼类收藏家
3489	收集 <need>% 的鱼类。
3490	秘密牌手
3491	参加秘密牌局 <need> 次。
3492	扑克冠军
3493	赢得扑克锦标赛 <need> 次。
3494	在扑克游戏中梭哈获胜。
3495	秘密赌场
3496	色调
3497	自动
3498	有传言称，<comomo> 将在下一季度发布一项革命性技术。
3499	有传言说 <comomo> 计划大举进军新的国际市场。
3500	<comomo> 公司下个月将出现巨额亏损。
3501	<comomo> 公司下个月将获得巨额利润。
3502	<comomo> 公司将面临一些问题。
3503	<comomo> 公司即将崛起。
3504	<comomo> 报告称，由于供应链意外中断和运营成本上升，造成了重大损失。
3505	<comomo> 预计下月利润将大幅增长，这主要得益于其新产品的强劲销售。
3506	内部人士称，<comomo> 面临监管挑战和潜在的法律问题。
3507	<comomo> 预计将通过新的合作伙伴关系和即将推出的产品实现强劲复苏。
3508	抱歉，出现错误，STONKS-9800 不得不关闭。
3509	你想将此错误和你的存档作为错误报告提交吗？
3510	已提交错误报告，谢谢！
3511	也许我们不应该操之过急。最好还是改天清醒的时候再讨论这笔交易。
3512	交易在最后一刻告吹。
3513	你的存档已损坏。
3514	请把它发到我的邮箱，这样我就能帮到你。谢谢。
3515	大盲注
3516	小盲注
3517	
3518	
3519	
3520	
3521	
3522	
3523	
3524	
3525	
3526	
3527	
3528	
3529	
3530	
3531	
3532	
3533	
3534	
3535	